{"FSM_SensorSpec":{"contract_name":"FSM_SensorSpec","model_path":"fsm_12B/FiniteStateMachine/Sen","Inputs":[{"variable_name":"mode","variable_path":"fsm_12B/FiniteStateMachine/Sen/mode"},{"variable_name":"limits","variable_path":"fsm_12B/FiniteStateMachine/Sen/limits"},{"variable_name":"request","variable_path":"fsm_12B/FiniteStateMachine/Sen/request"},{"variable_name":"senstate","variable_path":"fsm_12B/FiniteStateMachine/Sen/senstate"}],"Outputs":[{"variable_name":"SENSTATE","variable_path":"fsm_12B/FiniteStateMachine/Sen/SENSTATE"}]}}