[{"file_path":"/Users/amavrido/Documents/CoCoSpecMaterial/lm_challenges/1_fsm/fsm_12B.mdl","date":"28-Oct-2019","Declarations":{"Enumerations":[]}},{"id":"fsm_12B/standby","project":"","modeldoc":true,"variable_name":"standby","portType":"Inport","portNumber":"1","component_name":"fsm_12B","tool":"Simulink","dataType":["boolean"],"dimensions":[1,1],"width":1},{"id":"fsm_12B/apfail","project":"","modeldoc":true,"variable_name":"apfail","portType":"Inport","portNumber":"2","component_name":"fsm_12B","tool":"Simulink","dataType":["boolean"],"dimensions":[1,1],"width":1},{"id":"fsm_12B/supported","project":"","modeldoc":true,"variable_name":"supported","portType":"Inport","portNumber":"3","component_name":"fsm_12B","tool":"Simulink","dataType":["boolean"],"dimensions":[1,1],"width":1},{"id":"fsm_12B/limits","project":"","modeldoc":true,"variable_name":"limits","portType":"Inport","portNumber":"4","component_name":"fsm_12B","tool":"Simulink","dataType":["boolean"],"dimensions":[1,1],"width":1},{"id":"fsm_12B/FiniteStateMachine/standby","project":"","modeldoc":true,"variable_name":"standby","portType":"Inport","portNumber":"1","component_name":"fsm_12B/FiniteStateMachine","tool":"Simulink","dataType":["boolean"],"dimensions":[1,1],"width":1},{"id":"fsm_12B/FiniteStateMachine/apfail","project":"","modeldoc":true,"variable_name":"apfail","portType":"Inport","portNumber":"2","component_name":"fsm_12B/FiniteStateMachine","tool":"Simulink","dataType":["boolean"],"dimensions":[1,1],"width":1},{"id":"fsm_12B/FiniteStateMachine/supported","project":"","modeldoc":true,"variable_name":"supported","portType":"Inport","portNumber":"3","component_name":"fsm_12B/FiniteStateMachine","tool":"Simulink","dataType":["boolean"],"dimensions":[1,1],"width":1},{"id":"fsm_12B/FiniteStateMachine/limits","project":"","modeldoc":true,"variable_name":"limits","portType":"Inport","portNumber":"4","component_name":"fsm_12B/FiniteStateMachine","tool":"Simulink","dataType":["boolean"],"dimensions":[1,1],"width":1},{"id":"fsm_12B/FiniteStateMachine/Manager/standby","project":"","modeldoc":true,"variable_name":"standby","portType":"Inport","portNumber":"1","component_name":"fsm_12B/FiniteStateMachine/Manager","tool":"Simulink","dataType":["boolean"],"dimensions":[1,1],"width":1},{"id":"fsm_12B/FiniteStateMachine/Manager/apfail","project":"","modeldoc":true,"variable_name":"apfail","portType":"Inport","portNumber":"2","component_name":"fsm_12B/FiniteStateMachine/Manager","tool":"Simulink","dataType":["boolean"],"dimensions":[1,1],"width":1},{"id":"fsm_12B/FiniteStateMachine/Manager/supported","project":"","modeldoc":true,"variable_name":"supported","portType":"Inport","portNumber":"3","component_name":"fsm_12B/FiniteStateMachine/Manager","tool":"Simulink","dataType":["boolean"],"dimensions":[1,1],"width":1},{"id":"fsm_12B/FiniteStateMachine/Manager/good","project":"","modeldoc":true,"variable_name":"good","portType":"Inport","portNumber":"4","component_name":"fsm_12B/FiniteStateMachine/Manager","tool":"Simulink","dataType":["boolean"],"dimensions":[1,1],"width":1},{"id":"fsm_12B/FiniteStateMachine/Manager/state","project":"","modeldoc":true,"variable_name":"state","portType":"Inport","portNumber":"5","component_name":"fsm_12B/FiniteStateMachine/Manager","tool":"Simulink","dataType":["double"],"dimensions":[1,1],"width":1},{"id":"fsm_12B/FiniteStateMachine/Manager/Actions/standby","project":"","modeldoc":true,"variable_name":"standby","portType":"Inport","portNumber":"1","component_name":"fsm_12B/FiniteStateMachine/Manager/Actions","tool":"Simulink","dataType":["boolean"],"dimensions":[1,1],"width":1},{"id":"fsm_12B/FiniteStateMachine/Manager/Actions/apfail","project":"","modeldoc":true,"variable_name":"apfail","portType":"Inport","portNumber":"2","component_name":"fsm_12B/FiniteStateMachine/Manager/Actions","tool":"Simulink","dataType":["boolean"],"dimensions":[1,1],"width":1},{"id":"fsm_12B/FiniteStateMachine/Manager/Actions/supported","project":"","modeldoc":true,"variable_name":"supported","portType":"Inport","portNumber":"3","component_name":"fsm_12B/FiniteStateMachine/Manager/Actions","tool":"Simulink","dataType":["boolean"],"dimensions":[1,1],"width":1},{"id":"fsm_12B/FiniteStateMachine/Manager/Actions/good","project":"","modeldoc":true,"variable_name":"good","portType":"Inport","portNumber":"4","component_name":"fsm_12B/FiniteStateMachine/Manager/Actions","tool":"Simulink","dataType":["boolean"],"dimensions":[1,1],"width":1},{"id":"fsm_12B/FiniteStateMachine/Manager/Actions/state","project":"","modeldoc":true,"variable_name":"state","portType":"Inport","portNumber":"5","component_name":"fsm_12B/FiniteStateMachine/Manager/Actions","tool":"Simulink","dataType":["double"],"dimensions":[1,1],"width":1},{"id":"fsm_12B/FiniteStateMachine/Manager/Actions/Maneuver/state","project":"","modeldoc":true,"variable_name":"state","portType":"Inport","portNumber":"1","component_name":"fsm_12B/FiniteStateMachine/Manager/Actions/Maneuver","tool":"Simulink","dataType":["double"],"dimensions":[1,1],"width":1},{"id":"fsm_12B/FiniteStateMachine/Manager/Actions/Maneuver/good","project":"","modeldoc":true,"variable_name":"good","portType":"Inport","portNumber":"2","component_name":"fsm_12B/FiniteStateMachine/Manager/Actions/Maneuver","tool":"Simulink","dataType":["boolean"],"dimensions":[1,1],"width":1},{"id":"fsm_12B/FiniteStateMachine/Manager/Actions/Maneuver/supported","project":"","modeldoc":true,"variable_name":"supported","portType":"Inport","portNumber":"3","component_name":"fsm_12B/FiniteStateMachine/Manager/Actions/Maneuver","tool":"Simulink","dataType":["boolean"],"dimensions":[1,1],"width":1},{"id":"fsm_12B/FiniteStateMachine/Manager/Actions/Maneuver/standby","project":"","modeldoc":true,"variable_name":"standby","portType":"Inport","portNumber":"4","component_name":"fsm_12B/FiniteStateMachine/Manager/Actions/Maneuver","tool":"Simulink","dataType":["boolean"],"dimensions":[1,1],"width":1},{"id":"fsm_12B/FiniteStateMachine/Manager/Actions/Maneuver/apfail","project":"","modeldoc":true,"variable_name":"apfail","portType":"Inport","portNumber":"5","component_name":"fsm_12B/FiniteStateMachine/Manager/Actions/Maneuver","tool":"Simulink","dataType":["boolean"],"dimensions":[1,1],"width":1},{"id":"fsm_12B/FiniteStateMachine/Manager/Actions/Maneuver/NextState","project":"","modeldoc":true,"variable_name":"NextState","portType":"Outport","portNumber":"1","component_name":"fsm_12B/FiniteStateMachine/Manager/Actions/Maneuver","tool":"Simulink","dataType":["double"],"dimensions":[1,1],"width":1},{"id":"fsm_12B/FiniteStateMachine/Manager/Actions/Nominal/state","project":"","modeldoc":true,"variable_name":"state","portType":"Inport","portNumber":"1","component_name":"fsm_12B/FiniteStateMachine/Manager/Actions/Nominal","tool":"Simulink","dataType":["double"],"dimensions":[1,1],"width":1},{"id":"fsm_12B/FiniteStateMachine/Manager/Actions/Nominal/good","project":"","modeldoc":true,"variable_name":"good","portType":"Inport","portNumber":"2","component_name":"fsm_12B/FiniteStateMachine/Manager/Actions/Nominal","tool":"Simulink","dataType":["boolean"],"dimensions":[1,1],"width":1},{"id":"fsm_12B/FiniteStateMachine/Manager/Actions/Nominal/standby","project":"","modeldoc":true,"variable_name":"standby","portType":"Inport","portNumber":"3","component_name":"fsm_12B/FiniteStateMachine/Manager/Actions/Nominal","tool":"Simulink","dataType":["boolean"],"dimensions":[1,1],"width":1},{"id":"fsm_12B/FiniteStateMachine/Manager/Actions/Nominal/NextState","project":"","modeldoc":true,"variable_name":"NextState","portType":"Outport","portNumber":"1","component_name":"fsm_12B/FiniteStateMachine/Manager/Actions/Nominal","tool":"Simulink","dataType":["double"],"dimensions":[1,1],"width":1},{"id":"fsm_12B/FiniteStateMachine/Manager/Actions/Standby/state","project":"","modeldoc":true,"variable_name":"state","portType":"Inport","portNumber":"1","component_name":"fsm_12B/FiniteStateMachine/Manager/Actions/Standby","tool":"Simulink","dataType":["double"],"dimensions":[1,1],"width":1},{"id":"fsm_12B/FiniteStateMachine/Manager/Actions/Standby/stby","project":"","modeldoc":true,"variable_name":"stby","portType":"Inport","portNumber":"2","component_name":"fsm_12B/FiniteStateMachine/Manager/Actions/Standby","tool":"Simulink","dataType":["boolean"],"dimensions":[1,1],"width":1},{"id":"fsm_12B/FiniteStateMachine/Manager/Actions/Standby/apfail","project":"","modeldoc":true,"variable_name":"apfail","portType":"Inport","portNumber":"3","component_name":"fsm_12B/FiniteStateMachine/Manager/Actions/Standby","tool":"Simulink","dataType":["boolean"],"dimensions":[1,1],"width":1},{"id":"fsm_12B/FiniteStateMachine/Manager/Actions/Standby/NextState","project":"","modeldoc":true,"variable_name":"NextState","portType":"Outport","portNumber":"1","component_name":"fsm_12B/FiniteStateMachine/Manager/Actions/Standby","tool":"Simulink","dataType":["double"],"dimensions":[1,1],"width":1},{"id":"fsm_12B/FiniteStateMachine/Manager/Actions/Transition/state","project":"","modeldoc":true,"variable_name":"state","portType":"Inport","portNumber":"1","component_name":"fsm_12B/FiniteStateMachine/Manager/Actions/Transition","tool":"Simulink","dataType":["double"],"dimensions":[1,1],"width":1},{"id":"fsm_12B/FiniteStateMachine/Manager/Actions/Transition/good","project":"","modeldoc":true,"variable_name":"good","portType":"Inport","portNumber":"2","component_name":"fsm_12B/FiniteStateMachine/Manager/Actions/Transition","tool":"Simulink","dataType":["boolean"],"dimensions":[1,1],"width":1},{"id":"fsm_12B/FiniteStateMachine/Manager/Actions/Transition/supported","project":"","modeldoc":true,"variable_name":"supported","portType":"Inport","portNumber":"3","component_name":"fsm_12B/FiniteStateMachine/Manager/Actions/Transition","tool":"Simulink","dataType":["boolean"],"dimensions":[1,1],"width":1},{"id":"fsm_12B/FiniteStateMachine/Manager/Actions/Transition/standby","project":"","modeldoc":true,"variable_name":"standby","portType":"Inport","portNumber":"4","component_name":"fsm_12B/FiniteStateMachine/Manager/Actions/Transition","tool":"Simulink","dataType":["boolean"],"dimensions":[1,1],"width":1},{"id":"fsm_12B/FiniteStateMachine/Manager/Actions/Transition/NextState","project":"","modeldoc":true,"variable_name":"NextState","portType":"Outport","portNumber":"1","component_name":"fsm_12B/FiniteStateMachine/Manager/Actions/Transition","tool":"Simulink","dataType":["double"],"dimensions":[1,1],"width":1},{"id":"fsm_12B/FiniteStateMachine/Manager/Actions/STATE","project":"","modeldoc":true,"variable_name":"STATE","portType":"Outport","portNumber":"1","component_name":"fsm_12B/FiniteStateMachine/Manager/Actions","tool":"Simulink","dataType":["double"],"dimensions":[1,1],"width":1},{"id":"fsm_12B/FiniteStateMachine/Manager/Output/Newstate","project":"","modeldoc":true,"variable_name":"Newstate","portType":"Inport","portNumber":"1","component_name":"fsm_12B/FiniteStateMachine/Manager/Output","tool":"Simulink","dataType":["double"],"dimensions":[1,1],"width":1},{"id":"fsm_12B/FiniteStateMachine/Manager/Output/Maneuver/Output","project":"","modeldoc":true,"variable_name":"Output","portType":"Outport","portNumber":"1","component_name":"fsm_12B/FiniteStateMachine/Manager/Output/Maneuver","tool":"Simulink","dataType":["boolean"],"dimensions":[1,3],"width":3},{"id":"fsm_12B/FiniteStateMachine/Manager/Output/Nominal/Output","project":"","modeldoc":true,"variable_name":"Output","portType":"Outport","portNumber":"1","component_name":"fsm_12B/FiniteStateMachine/Manager/Output/Nominal","tool":"Simulink","dataType":["boolean"],"dimensions":[1,3],"width":3},{"id":"fsm_12B/FiniteStateMachine/Manager/Output/Standby/Output","project":"","modeldoc":true,"variable_name":"Output","portType":"Outport","portNumber":"1","component_name":"fsm_12B/FiniteStateMachine/Manager/Output/Standby","tool":"Simulink","dataType":["boolean"],"dimensions":[1,3],"width":3},{"id":"fsm_12B/FiniteStateMachine/Manager/Output/Transition/Output","project":"","modeldoc":true,"variable_name":"Output","portType":"Outport","portNumber":"1","component_name":"fsm_12B/FiniteStateMachine/Manager/Output/Transition","tool":"Simulink","dataType":["boolean"],"dimensions":[1,3],"width":3},{"id":"fsm_12B/FiniteStateMachine/Manager/Output/MODE","project":"","modeldoc":true,"variable_name":"MODE","portType":"Outport","portNumber":"1","component_name":"fsm_12B/FiniteStateMachine/Manager/Output","tool":"Simulink","dataType":["boolean"],"dimensions":[1,1],"width":1},{"id":"fsm_12B/FiniteStateMachine/Manager/Output/REQUEST","project":"","modeldoc":true,"variable_name":"REQUEST","portType":"Outport","portNumber":"2","component_name":"fsm_12B/FiniteStateMachine/Manager/Output","tool":"Simulink","dataType":["boolean"],"dimensions":[1,1],"width":1},{"id":"fsm_12B/FiniteStateMachine/Manager/Output/PULL","project":"","modeldoc":true,"variable_name":"PULL","portType":"Outport","portNumber":"3","component_name":"fsm_12B/FiniteStateMachine/Manager/Output","tool":"Simulink","dataType":["boolean"],"dimensions":[1,1],"width":1},{"id":"fsm_12B/FiniteStateMachine/Manager/MODE","project":"","modeldoc":true,"variable_name":"MODE","portType":"Outport","portNumber":"1","component_name":"fsm_12B/FiniteStateMachine/Manager","tool":"Simulink","dataType":["boolean"],"dimensions":[1,1],"width":1},{"id":"fsm_12B/FiniteStateMachine/Manager/REQUEST","project":"","modeldoc":true,"variable_name":"REQUEST","portType":"Outport","portNumber":"2","component_name":"fsm_12B/FiniteStateMachine/Manager","tool":"Simulink","dataType":["boolean"],"dimensions":[1,1],"width":1},{"id":"fsm_12B/FiniteStateMachine/Manager/PULL","project":"","modeldoc":true,"variable_name":"PULL","portType":"Outport","portNumber":"3","component_name":"fsm_12B/FiniteStateMachine/Manager","tool":"Simulink","dataType":["boolean"],"dimensions":[1,1],"width":1},{"id":"fsm_12B/FiniteStateMachine/Manager/STATE","project":"","modeldoc":true,"variable_name":"STATE","portType":"Outport","portNumber":"4","component_name":"fsm_12B/FiniteStateMachine/Manager","tool":"Simulink","dataType":["double"],"dimensions":[1,1],"width":1},{"id":"fsm_12B/FiniteStateMachine/Sen/mode","project":"","modeldoc":true,"variable_name":"mode","portType":"Inport","portNumber":"1","component_name":"fsm_12B/FiniteStateMachine/Sen","tool":"Simulink","dataType":["boolean"],"dimensions":[1,1],"width":1},{"id":"fsm_12B/FiniteStateMachine/Sen/request","project":"","modeldoc":true,"variable_name":"request","portType":"Inport","portNumber":"2","component_name":"fsm_12B/FiniteStateMachine/Sen","tool":"Simulink","dataType":["boolean"],"dimensions":[1,1],"width":1},{"id":"fsm_12B/FiniteStateMachine/Sen/limits","project":"","modeldoc":true,"variable_name":"limits","portType":"Inport","portNumber":"3","component_name":"fsm_12B/FiniteStateMachine/Sen","tool":"Simulink","dataType":["boolean"],"dimensions":[1,1],"width":1},{"id":"fsm_12B/FiniteStateMachine/Sen/senstate","project":"","modeldoc":true,"variable_name":"senstate","portType":"Inport","portNumber":"4","component_name":"fsm_12B/FiniteStateMachine/Sen","tool":"Simulink","dataType":["double"],"dimensions":[1,1],"width":1},{"id":"fsm_12B/FiniteStateMachine/Sen/Actions/mode","project":"","modeldoc":true,"variable_name":"mode","portType":"Inport","portNumber":"1","component_name":"fsm_12B/FiniteStateMachine/Sen/Actions","tool":"Simulink","dataType":["boolean"],"dimensions":[1,1],"width":1},{"id":"fsm_12B/FiniteStateMachine/Sen/Actions/request","project":"","modeldoc":true,"variable_name":"request","portType":"Inport","portNumber":"2","component_name":"fsm_12B/FiniteStateMachine/Sen/Actions","tool":"Simulink","dataType":["boolean"],"dimensions":[1,1],"width":1},{"id":"fsm_12B/FiniteStateMachine/Sen/Actions/limits","project":"","modeldoc":true,"variable_name":"limits","portType":"Inport","portNumber":"3","component_name":"fsm_12B/FiniteStateMachine/Sen/Actions","tool":"Simulink","dataType":["boolean"],"dimensions":[1,1],"width":1},{"id":"fsm_12B/FiniteStateMachine/Sen/Actions/senstate","project":"","modeldoc":true,"variable_name":"senstate","portType":"Inport","portNumber":"4","component_name":"fsm_12B/FiniteStateMachine/Sen/Actions","tool":"Simulink","dataType":["double"],"dimensions":[1,1],"width":1},{"id":"fsm_12B/FiniteStateMachine/Sen/Actions/Fault/state","project":"","modeldoc":true,"variable_name":"state","portType":"Inport","portNumber":"1","component_name":"fsm_12B/FiniteStateMachine/Sen/Actions/Fault","tool":"Simulink","dataType":["double"],"dimensions":[1,1],"width":1},{"id":"fsm_12B/FiniteStateMachine/Sen/Actions/Fault/request","project":"","modeldoc":true,"variable_name":"request","portType":"Inport","portNumber":"2","component_name":"fsm_12B/FiniteStateMachine/Sen/Actions/Fault","tool":"Simulink","dataType":["boolean"],"dimensions":[1,1],"width":1},{"id":"fsm_12B/FiniteStateMachine/Sen/Actions/Fault/limits","project":"","modeldoc":true,"variable_name":"limits","portType":"Inport","portNumber":"3","component_name":"fsm_12B/FiniteStateMachine/Sen/Actions/Fault","tool":"Simulink","dataType":["boolean"],"dimensions":[1,1],"width":1},{"id":"fsm_12B/FiniteStateMachine/Sen/Actions/Fault/NextState","project":"","modeldoc":true,"variable_name":"NextState","portType":"Outport","portNumber":"1","component_name":"fsm_12B/FiniteStateMachine/Sen/Actions/Fault","tool":"Simulink","dataType":["double"],"dimensions":[1,1],"width":1},{"id":"fsm_12B/FiniteStateMachine/Sen/Actions/Nominal/state","project":"","modeldoc":true,"variable_name":"state","portType":"Inport","portNumber":"1","component_name":"fsm_12B/FiniteStateMachine/Sen/Actions/Nominal","tool":"Simulink","dataType":["double"],"dimensions":[1,1],"width":1},{"id":"fsm_12B/FiniteStateMachine/Sen/Actions/Nominal/request","project":"","modeldoc":true,"variable_name":"request","portType":"Inport","portNumber":"2","component_name":"fsm_12B/FiniteStateMachine/Sen/Actions/Nominal","tool":"Simulink","dataType":["boolean"],"dimensions":[1,1],"width":1},{"id":"fsm_12B/FiniteStateMachine/Sen/Actions/Nominal/limits","project":"","modeldoc":true,"variable_name":"limits","portType":"Inport","portNumber":"3","component_name":"fsm_12B/FiniteStateMachine/Sen/Actions/Nominal","tool":"Simulink","dataType":["boolean"],"dimensions":[1,1],"width":1},{"id":"fsm_12B/FiniteStateMachine/Sen/Actions/Nominal/NextState","project":"","modeldoc":true,"variable_name":"NextState","portType":"Outport","portNumber":"1","component_name":"fsm_12B/FiniteStateMachine/Sen/Actions/Nominal","tool":"Simulink","dataType":["double"],"dimensions":[1,1],"width":1},{"id":"fsm_12B/FiniteStateMachine/Sen/Actions/Transition/state","project":"","modeldoc":true,"variable_name":"state","portType":"Inport","portNumber":"1","component_name":"fsm_12B/FiniteStateMachine/Sen/Actions/Transition","tool":"Simulink","dataType":["double"],"dimensions":[1,1],"width":1},{"id":"fsm_12B/FiniteStateMachine/Sen/Actions/Transition/request","project":"","modeldoc":true,"variable_name":"request","portType":"Inport","portNumber":"2","component_name":"fsm_12B/FiniteStateMachine/Sen/Actions/Transition","tool":"Simulink","dataType":["boolean"],"dimensions":[1,1],"width":1},{"id":"fsm_12B/FiniteStateMachine/Sen/Actions/Transition/mode","project":"","modeldoc":true,"variable_name":"mode","portType":"Inport","portNumber":"3","component_name":"fsm_12B/FiniteStateMachine/Sen/Actions/Transition","tool":"Simulink","dataType":["boolean"],"dimensions":[1,1],"width":1},{"id":"fsm_12B/FiniteStateMachine/Sen/Actions/Transition/NextState","project":"","modeldoc":true,"variable_name":"NextState","portType":"Outport","portNumber":"1","component_name":"fsm_12B/FiniteStateMachine/Sen/Actions/Transition","tool":"Simulink","dataType":["double"],"dimensions":[1,1],"width":1},{"id":"fsm_12B/FiniteStateMachine/Sen/Actions/SENSTATE","project":"","modeldoc":true,"variable_name":"SENSTATE","portType":"Outport","portNumber":"1","component_name":"fsm_12B/FiniteStateMachine/Sen/Actions","tool":"Simulink","dataType":["double"],"dimensions":[1,1],"width":1},{"id":"fsm_12B/FiniteStateMachine/Sen/Output/Newstate","project":"","modeldoc":true,"variable_name":"Newstate","portType":"Inport","portNumber":"1","component_name":"fsm_12B/FiniteStateMachine/Sen/Output","tool":"Simulink","dataType":["double"],"dimensions":[1,1],"width":1},{"id":"fsm_12B/FiniteStateMachine/Sen/Output/Good","project":"","modeldoc":true,"variable_name":"Good","portType":"Outport","portNumber":"1","component_name":"fsm_12B/FiniteStateMachine/Sen/Output","tool":"Simulink","dataType":["boolean"],"dimensions":[1,1],"width":1},{"id":"fsm_12B/FiniteStateMachine/Sen/good","project":"","modeldoc":true,"variable_name":"good","portType":"Outport","portNumber":"1","component_name":"fsm_12B/FiniteStateMachine/Sen","tool":"Simulink","dataType":["boolean"],"dimensions":[1,1],"width":1},{"id":"fsm_12B/FiniteStateMachine/Sen/SENSTATE","project":"","modeldoc":true,"variable_name":"SENSTATE","portType":"Outport","portNumber":"2","component_name":"fsm_12B/FiniteStateMachine/Sen","tool":"Simulink","dataType":["double"],"dimensions":[1,1],"width":1},{"id":"fsm_12B/FiniteStateMachine/pullup","project":"","modeldoc":true,"variable_name":"pullup","portType":"Outport","portNumber":"1","component_name":"fsm_12B/FiniteStateMachine","tool":"Simulink","dataType":["boolean"],"dimensions":[1,1],"width":1},{"id":"fsm_12B/pullup","project":"","modeldoc":true,"variable_name":"pullup","portType":"Outport","portNumber":"1","component_name":"fsm_12B","tool":"Simulink","dataType":["boolean"],"dimensions":[1,1],"width":1}]
