<?xml version="1.0"?>
<Results xmlns:xsi="http://www.w3.org/2001/XMLSchema-instance" enabled="bmc,ind,ind2,ic3,invgents,invgenos,invgenintos,invgenintos" timeout="7200.000000" bmc_max="0" compositional="true" modular="true">


<Log class="info" source="parse">kind2 v1.1.0</Log>
<Log class="note" source="parse">System kind2_times has no property, skipping verification step.</Log>
<Log class="note" source="parse">System det_43_034 has no property, skipping verification step.</Log>
<Log class="note" source="parse">System ridge_33_034 has no property, skipping verification step.</Log>
<Log class="note" source="parse">System EB001_195_034 has no property, skipping verification step.</Log>
<Log class="note" source="parse">System EB002_199_034 has no property, skipping verification step.</Log>
<Log class="note" source="parse">System spec446_operator_3118_000 has no property, skipping verification step.</Log>
<Log class="note" source="parse">System spec529_operator_3119_000 has no property, skipping verification step.</Log>
<Log class="note" source="parse">System bool_to_int has no property, skipping verification step.</Log>
<Log class="note" source="parse">System det_3x3_call_498_034 has no property, skipping verification step.</Log>
<Log class="note" source="parse">
  System abs_call11111111111111111_483_034 has no property, skipping verification step.
</Log>
<Log class="note" source="parse">
  System abs_call1111111111111111_468_034 has no property, skipping verification step.
</Log>
<Log class="note" source="parse">
  System abs_call111111111111111_453_034 has no property, skipping verification step.
</Log>
<Log class="note" source="parse">
  System abs_call11111111111111_438_034 has no property, skipping verification step.
</Log>
<Log class="note" source="parse">
  System abs_call1111111111111_423_034 has no property, skipping verification step.
</Log>
<Log class="note" source="parse">
  System abs_call111111111111_408_034 has no property, skipping verification step.
</Log>
<Log class="note" source="parse">
  System abs_call11111111111_393_034 has no property, skipping verification step.
</Log>
<Log class="note" source="parse">System abs_call1111111111_378_034 has no property, skipping verification step.</Log>
<Log class="note" source="parse">System abs_call111111111_363_034 has no property, skipping verification step.</Log>
<Log class="note" source="parse">System abs_call11111111_348_034 has no property, skipping verification step.</Log>
<Log class="note" source="parse">System abs_call1111111_333_034 has no property, skipping verification step.</Log>
<Log class="note" source="parse">System abs_call111111_318_034 has no property, skipping verification step.</Log>
<Log class="note" source="parse">System abs_call11111_303_034 has no property, skipping verification step.</Log>
<Log class="note" source="parse">System abs_call1111_288_034 has no property, skipping verification step.</Log>
<Log class="note" source="parse">System abs_call111_273_034 has no property, skipping verification step.</Log>
<Log class="note" source="parse">System abs_call11_258_034 has no property, skipping verification step.</Log>
<Log class="note" source="parse">System abs_call1_242_034 has no property, skipping verification step.</Log>
<Log class="note" source="parse">System abs_call_227_034 has no property, skipping verification step.</Log>
<Log class="note" source="parse">System EB004_203_034 has no property, skipping verification step.</Log>


<AnalysisStart top="EB_6_034" concrete="spec529_operator_3119_000,spec446_operator_3118_000,ridge_33_034,kind2_times,det_43_034,det_3x3_call_498_034,bool_to_int,abs_call_227_034,abs_call1_242_034,abs_call11_258_034,abs_call111_273_034,abs_call1111_288_034,abs_call11111_303_034,abs_call111111_318_034,abs_call1111111_333_034,abs_call11111111_348_034,abs_call111111111_363_034,abs_call1111111111_378_034,abs_call11111111111_393_034,abs_call111111111111_408_034,abs_call1111111111111_423_034,abs_call11111111111111_438_034,abs_call111111111111111_453_034,abs_call1111111111111111_468_034,abs_call11111111111111111_483_034,EB004_203_034,EB002_199_034,EB001_195_034" abstract="_inv_M_5x5,_inv_M_3x3" assumptions="(EB004_203_034,1)"/>

<Log class="warn" source="parse">
  In 2-induction: Yices 2 does not support check-sat-assuming with non-linear models. Disabling check_sat_assume.
</Log>
<Log class="warn" source="parse">
  In inductive step: Yices 2 does not support check-sat-assuming with non-linear models. Disabling check_sat_assume.
</Log>
<Log class="warn" source="parse">
  In bounded model checking: Yices 2 does not support check-sat-assuming with non-linear models.
  Disabling check_sat_assume.
</Log>
<Log class="warn" source="parse">Disabling IC3: Yices 2 does not support unsat-cores with non-linear models.</Log>
<Log class="warn" source="parse">
  In one state invariant generator (int): Yices 2 does not support check-sat-assuming with non-linear models.
  Disabling check_sat_assume.
</Log>
<Log class="warn" source="parse">
  In two state invariant generator (bool): Yices 2 does not support check-sat-assuming with non-linear models.
  Disabling check_sat_assume.
</Log>
<Log class="warn" source="parse">
  In one state invariant generator (bool): Yices 2 does not support check-sat-assuming with non-linear models.
  Disabling check_sat_assume.
</Log>
<Log class="warn" source="parse">
  In one state invariant generator (real): Yices 2 does not support check-sat-assuming with non-linear models.
  Disabling check_sat_assume.
</Log>
<Log class="fatal" source="parse">Caught signal. Terminating.</Log>
<AnalysisStop/>



</Results>
