[{"file_path":"/Users/amavrido/Documents/CoCoSpecMaterial/lm_challenges/2_tustin/integrator_12B.mdl","date":"28-Oct-2019","Declarations":{"Enumerations":[]}},{"id":"integrator_12B/xin","project":"","modeldoc":true,"variable_name":"xin","portType":"Inport","portNumber":"1","component_name":"integrator_12B","tool":"Simulink","dataType":["double"],"dimensions":[1,1],"width":1},{"id":"integrator_12B/reset","project":"","modeldoc":true,"variable_name":"reset","portType":"Inport","portNumber":"2","component_name":"integrator_12B","tool":"Simulink","dataType":["boolean"],"dimensions":[1,1],"width":1},{"id":"integrator_12B/T","project":"","modeldoc":true,"variable_name":"T","portType":"Inport","portNumber":"3","component_name":"integrator_12B","tool":"Simulink","dataType":["double"],"dimensions":[1,1],"width":1},{"id":"integrator_12B/ic","project":"","modeldoc":true,"variable_name":"ic","portType":"Inport","portNumber":"4","component_name":"integrator_12B","tool":"Simulink","dataType":["double"],"dimensions":[1,1],"width":1},{"id":"integrator_12B/TL","project":"","modeldoc":true,"variable_name":"TL","portType":"Inport","portNumber":"5","component_name":"integrator_12B","tool":"Simulink","dataType":["double"],"dimensions":[1,1],"width":1},{"id":"integrator_12B/BL","project":"","modeldoc":true,"variable_name":"BL","portType":"Inport","portNumber":"6","component_name":"integrator_12B","tool":"Simulink","dataType":["double"],"dimensions":[1,1],"width":1},{"id":"integrator_12B/Tustin\nIntegrator\n(Limited, Resettable, States)/xin","project":"","modeldoc":true,"variable_name":"xin","portType":"Inport","portNumber":"1","component_name":"integrator_12B/Tustin\nIntegrator\n(Limited, Resettable, States)","tool":"Simulink","dataType":["double"],"dimensions":[1,1],"width":1},{"id":"integrator_12B/Tustin\nIntegrator\n(Limited, Resettable, States)/T","project":"","modeldoc":true,"variable_name":"T","portType":"Inport","portNumber":"2","component_name":"integrator_12B/Tustin\nIntegrator\n(Limited, Resettable, States)","tool":"Simulink","dataType":["double"],"dimensions":[1,1],"width":1},{"id":"integrator_12B/Tustin\nIntegrator\n(Limited, Resettable, States)/TL","project":"","modeldoc":true,"variable_name":"TL","portType":"Inport","portNumber":"3","component_name":"integrator_12B/Tustin\nIntegrator\n(Limited, Resettable, States)","tool":"Simulink","dataType":["double"],"dimensions":[1,1],"width":1},{"id":"integrator_12B/Tustin\nIntegrator\n(Limited, Resettable, States)/BL","project":"","modeldoc":true,"variable_name":"BL","portType":"Inport","portNumber":"4","component_name":"integrator_12B/Tustin\nIntegrator\n(Limited, Resettable, States)","tool":"Simulink","dataType":["double"],"dimensions":[1,1],"width":1},{"id":"integrator_12B/Tustin\nIntegrator\n(Limited, Resettable, States)/reset","project":"","modeldoc":true,"variable_name":"reset","portType":"Inport","portNumber":"5","component_name":"integrator_12B/Tustin\nIntegrator\n(Limited, Resettable, States)","tool":"Simulink","dataType":["boolean"],"dimensions":[1,1],"width":1},{"id":"integrator_12B/Tustin\nIntegrator\n(Limited, Resettable, States)/ic","project":"","modeldoc":true,"variable_name":"ic","portType":"Inport","portNumber":"6","component_name":"integrator_12B/Tustin\nIntegrator\n(Limited, Resettable, States)","tool":"Simulink","dataType":["double"],"dimensions":[1,1],"width":1},{"id":"integrator_12B/Tustin\nIntegrator\n(Limited, Resettable, States)/Saturation\nDynamic/up","project":"","modeldoc":true,"variable_name":"up","portType":"Inport","portNumber":"1","component_name":"integrator_12B/Tustin\nIntegrator\n(Limited, Resettable, States)/Saturation\nDynamic","tool":"Simulink","dataType":["double"],"dimensions":[1,1],"width":1},{"id":"integrator_12B/Tustin\nIntegrator\n(Limited, Resettable, States)/Saturation\nDynamic/u","project":"","modeldoc":true,"variable_name":"u","portType":"Inport","portNumber":"2","component_name":"integrator_12B/Tustin\nIntegrator\n(Limited, Resettable, States)/Saturation\nDynamic","tool":"Simulink","dataType":["double"],"dimensions":[1,1],"width":1},{"id":"integrator_12B/Tustin\nIntegrator\n(Limited, Resettable, States)/Saturation\nDynamic/lo","project":"","modeldoc":true,"variable_name":"lo","portType":"Inport","portNumber":"3","component_name":"integrator_12B/Tustin\nIntegrator\n(Limited, Resettable, States)/Saturation\nDynamic","tool":"Simulink","dataType":["double"],"dimensions":[1,1],"width":1},{"id":"integrator_12B/Tustin\nIntegrator\n(Limited, Resettable, States)/Saturation\nDynamic/y","project":"","modeldoc":true,"variable_name":"y","portType":"Outport","portNumber":"1","component_name":"integrator_12B/Tustin\nIntegrator\n(Limited, Resettable, States)/Saturation\nDynamic","tool":"Simulink","dataType":["double"],"dimensions":[1,1],"width":1},{"id":"integrator_12B/Tustin\nIntegrator\n(Limited, Resettable, States)/bounds/TL","project":"","modeldoc":true,"variable_name":"TL","portType":"Inport","portNumber":"1","component_name":"integrator_12B/Tustin\nIntegrator\n(Limited, Resettable, States)/bounds","tool":"Simulink","dataType":["double"],"dimensions":[1,1],"width":1},{"id":"integrator_12B/Tustin\nIntegrator\n(Limited, Resettable, States)/bounds/BL","project":"","modeldoc":true,"variable_name":"BL","portType":"Inport","portNumber":"2","component_name":"integrator_12B/Tustin\nIntegrator\n(Limited, Resettable, States)/bounds","tool":"Simulink","dataType":["double"],"dimensions":[1,1],"width":1},{"id":"integrator_12B/Tustin\nIntegrator\n(Limited, Resettable, States)/bounds/TLc","project":"","modeldoc":true,"variable_name":"TLc","portType":"Outport","portNumber":"1","component_name":"integrator_12B/Tustin\nIntegrator\n(Limited, Resettable, States)/bounds","tool":"Simulink","dataType":["double"],"dimensions":[1,1],"width":1},{"id":"integrator_12B/Tustin\nIntegrator\n(Limited, Resettable, States)/bounds/BLc","project":"","modeldoc":true,"variable_name":"BLc","portType":"Outport","portNumber":"2","component_name":"integrator_12B/Tustin\nIntegrator\n(Limited, Resettable, States)/bounds","tool":"Simulink","dataType":["double"],"dimensions":[1,1],"width":1},{"id":"integrator_12B/Tustin\nIntegrator\n(Limited, Resettable, States)/yout","project":"","modeldoc":true,"variable_name":"yout","portType":"Outport","portNumber":"1","component_name":"integrator_12B/Tustin\nIntegrator\n(Limited, Resettable, States)","tool":"Simulink","dataType":["double"],"dimensions":[1,1],"width":1},{"id":"integrator_12B/yout","project":"","modeldoc":true,"variable_name":"yout","portType":"Outport","portNumber":"1","component_name":"integrator_12B","tool":"Simulink","dataType":["double"],"dimensions":[1,1],"width":1}]
