<?xml version="1.0"?>
<Results xmlns:xsi="http://www.w3.org/2001/XMLSchema-instance" enabled="bmc,ind,ind2,ic3,invgents,invgenos,invgenintos,invgenintos" timeout="7200.000000" bmc_max="0" compositional="true" modular="true">


<Log class="info" source="parse">kind2 v1.1.0</Log>
<Log class="note" source="parse">System kind2_times has no property, skipping verification step.</Log>
<Log class="note" source="parse">System cos has no property, skipping verification step.</Log>
<Log class="note" source="parse">System sin has no property, skipping verification step.</Log>
<Log class="note" source="parse">System Create3x3Matrix_152_153 has no property, skipping verification step.</Log>
<Log class="note" source="parse">System Euler3Rotation_newline__lpar_Roll_rpar__150_150 has no property, skipping verification step.</Log>
<Log class="note" source="parse">System Create3x3Matrix_83_150 has no property, skipping verification step.</Log>
<Log class="note" source="parse">System Euler2Rotation_newline__lpar_Pitch_rpar__81_150 has no property, skipping verification step.</Log>
<Log class="note" source="parse">System Create3x3Matrix_13_150 has no property, skipping verification step.</Log>
<Log class="note" source="parse">System Euler1Rotation_newline__lpar_Yaw_rpar__11_150 has no property, skipping verification step.</Log>
<Log class="note" source="parse">System EUL002_3_253_154 has no property, skipping verification step.</Log>
<Log class="note" source="parse">System EUL002_2_249_160 has no property, skipping verification step.</Log>
<Log class="note" source="parse">System EUL002_1_245_150 has no property, skipping verification step.</Log>


<AnalysisStart top="COORDINATETRANSFORM_newline_EULER321_newline__lpar_INERTIALTOBODY_rpar__6_150" concrete="sin,kind2_times,cos,Euler3Rotation_newline__lpar_Roll_rpar__150_150,Euler2Rotation_newline__lpar_Pitch_rpar__81_150,Euler1Rotation_newline__lpar_Yaw_rpar__11_150,EUL002_3_253_154,EUL002_2_249_160,EUL002_1_245_150,Create3x3Matrix_83_150,Create3x3Matrix_152_153,Create3x3Matrix_13_150" abstract="" assumptions="(EUL002_1_245_150,1)"/>

<Log class="warn" source="parse">In inductive step: Yices 2 does not support check-sat-assuming with non-linear models. Disabling check_sat_assume.</Log>
<Log class="warn" source="parse">In bounded model checking: Yices 2 does not support check-sat-assuming with non-linear models. Disabling check_sat_assume.</Log>
<Log class="warn" source="parse">Disabling IC3: Yices 2 does not support unsat-cores with non-linear models.</Log>
<Log class="warn" source="parse">In 2-induction: Yices 2 does not support check-sat-assuming with non-linear models. Disabling check_sat_assume.</Log>
<Log class="warn" source="parse">In one state invariant generator (int): Yices 2 does not support check-sat-assuming with non-linear models. Disabling check_sat_assume.</Log>
<Log class="warn" source="parse">In two state invariant generator (bool): Yices 2 does not support check-sat-assuming with non-linear models. Disabling check_sat_assume.</Log>
<Log class="warn" source="parse">In one state invariant generator (bool): Yices 2 does not support check-sat-assuming with non-linear models. Disabling check_sat_assume.</Log>
<Property name="euler321_I2B_12B_euler321_Spec_237_155[l254c1].EUL002_1_245_150[1]" line="234" column="1" scope="COORDINATETRANSFORM_newline_EULER321_newline__lpar_INERTIALTOBODY_rpar__6_150">
  <Runtime unit="sec" timeout="false">3.068</Runtime>
  <Answer source="ind">valid</Answer>
</Property>
<Property name="euler321_I2B_12B_euler321_Spec_237_155[l254c1].EUL002_2_249_160[2]" line="236" column="1" scope="COORDINATETRANSFORM_newline_EULER321_newline__lpar_INERTIALTOBODY_rpar__6_150">
  <Runtime unit="sec" timeout="false">3.068</Runtime>
  <Answer source="ind">valid</Answer>
</Property>
<Property name="euler321_I2B_12B_euler321_Spec_237_155[l254c1].EUL002_3_253_154[3]" line="238" column="1" scope="COORDINATETRANSFORM_newline_EULER321_newline__lpar_INERTIALTOBODY_rpar__6_150">
  <Runtime unit="sec" timeout="false">3.068</Runtime>
  <Answer source="ind">valid</Answer>
</Property>

<AnalysisStop/>

<Log class="note" source="parse">System euler321_I2B_12B_with_contracts_EUL002_PP has no property, skipping verification step.</Log>


</Results>
