<?xml version="1.0"?>
<Results xmlns:xsi="http://www.w3.org/2001/XMLSchema-instance" enabled="bmc,ind,ind2,ic3,invgents,invgenos,invgenintos,invgenintos" timeout="7200.000000" bmc_max="0" compositional="true" modular="true">


<Log class="info" source="parse">kind2 v1.1.0</Log>
<Log class="note" source="parse">System kind2_times has no property, skipping verification step.</Log>
<Log class="note" source="parse">System cos has no property, skipping verification step.</Log>
<Log class="note" source="parse">System sin has no property, skipping verification step.</Log>
<Log class="note" source="parse">System Create3x3Matrix_3337_008 has no property, skipping verification step.</Log>
<Log class="note" source="parse">System Euler3Rotation_newline__lpar_Roll_rpar__3335_008 has no property, skipping verification step.</Log>
<Log class="note" source="parse">System Create3x3Matrix_3268_008 has no property, skipping verification step.</Log>
<Log class="note" source="parse">System Euler2Rotation_newline__lpar_Pitch_rpar__3266_008 has no property, skipping verification step.</Log>
<Log class="note" source="parse">System Create3x3Matrix_3199_008 has no property, skipping verification step.</Log>
<Log class="note" source="parse">System Euler1Rotation_newline__lpar_Yaw_rpar__3197_008 has no property, skipping verification step.</Log>
<Log class="note" source="parse">System EUL007_3425_008 has no property, skipping verification step.</Log>


<AnalysisStart top="COORDINATETRANSFORM_newline_EULER321_newline__lpar_INERTIALTOBODY_rpar__3192_008" concrete="sin,kind2_times,cos,Euler3Rotation_newline__lpar_Roll_rpar__3335_008,Euler2Rotation_newline__lpar_Pitch_rpar__3266_008,Euler1Rotation_newline__lpar_Yaw_rpar__3197_008,EUL007_3425_008,Create3x3Matrix_3337_008,Create3x3Matrix_3268_008,Create3x3Matrix_3199_008" abstract="" assumptions="(EUL007_3425_008,1)"/>

<Log class="warn" source="parse">In inductive step: Yices 2 does not support check-sat-assuming with non-linear models. Disabling check_sat_assume.</Log>
<Log class="warn" source="parse">In bounded model checking: Yices 2 does not support check-sat-assuming with non-linear models. Disabling check_sat_assume.</Log>
<Log class="warn" source="parse">In 2-induction: Yices 2 does not support check-sat-assuming with non-linear models. Disabling check_sat_assume.</Log>
<Log class="warn" source="parse">In two state invariant generator (bool): Yices 2 does not support check-sat-assuming with non-linear models. Disabling check_sat_assume.</Log>
<Log class="warn" source="parse">In one state invariant generator (int): Yices 2 does not support check-sat-assuming with non-linear models. Disabling check_sat_assume.</Log>
<Log class="warn" source="parse">In one state invariant generator (bool): Yices 2 does not support check-sat-assuming with non-linear models. Disabling check_sat_assume.</Log>
<Property name="euler321_I2B_12B_euler321_Spec_3422_008[l233c1].EUL007_3425_008[1]" line="217" column="1" scope="COORDINATETRANSFORM_newline_EULER321_newline__lpar_INERTIALTOBODY_rpar__3192_008">
  <Runtime unit="sec" timeout="false">0.191</Runtime>
  <K>0</K>
  <Answer source="bmc">falsifiable</Answer>
   <CounterExample>
    <Node name="COORDINATETRANSFORM_newline_EULER321_newline__lpar_INERTIALTOBODY_rpar__3192_008">
      <Stream name="phi_1" type="real" class="input"><Value instant="0">(real 0)</Value>
      </Stream>
      <Stream name="theta_1" type="real" class="input"><Value instant="0">(real 0)</Value>
      </Stream>
      <Stream name="psi_1" type="real" class="input"><Value instant="0">(real 0)</Value>
      </Stream>
      <Stream name="__time_step" type="real" class="input"><Value instant="0">(real 0)</Value>
      </Stream>
      <Stream name="__nb_step" type="int" class="input"><Value instant="0">0</Value>
      </Stream>
      <Stream name="DCM321_1" type="real" class="output"><Value instant="0">(real 0)</Value>
      </Stream>
      <Stream name="DCM321_2" type="real" class="output"><Value instant="0">(real 0)</Value>
      </Stream>
      <Stream name="DCM321_3" type="real" class="output"><Value instant="0">(real 0)</Value>
      </Stream>
      <Stream name="DCM321_4" type="real" class="output"><Value instant="0">(real 0)</Value>
      </Stream>
      <Stream name="DCM321_5" type="real" class="output"><Value instant="0">(real 0)</Value>
      </Stream>
      <Stream name="DCM321_6" type="real" class="output"><Value instant="0">(real 0)</Value>
      </Stream>
      <Stream name="DCM321_7" type="real" class="output"><Value instant="0">(real 0)</Value>
      </Stream>
      <Stream name="DCM321_8" type="real" class="output"><Value instant="0">(real 0)</Value>
      </Stream>
      <Stream name="DCM321_9" type="real" class="output"><Value instant="0">(real 0)</Value>
      </Stream>
      <Stream name="Product1_1" type="real" class="local"><Value instant="0">0</Value>
      </Stream>
      <Stream name="Euler3Rotation_newline__lpar_Roll_rpar__1" type="real" class="local"><Value instant="0">(real 1)</Value>
      </Stream>
      <Stream name="Product_1" type="real" class="local"><Value instant="0">(real 0)</Value>
      </Stream>
      <Stream name="Euler2Rotation_newline__lpar_Pitch_rpar__1" type="real" class="local"><Value instant="0">(real 0)</Value>
      </Stream>
      <Stream name="Euler1Rotation_newline__lpar_Yaw_rpar__1" type="real" class="local"><Value instant="0">(real 0)</Value>
      </Stream>
      <Stream name="Euler2Rotation_newline__lpar_Pitch_rpar__4" type="real" class="local"><Value instant="0">(real 0)</Value>
      </Stream>
      <Stream name="Euler1Rotation_newline__lpar_Yaw_rpar__2" type="real" class="local"><Value instant="0">(real 0)</Value>
      </Stream>
      <Stream name="Euler2Rotation_newline__lpar_Pitch_rpar__7" type="real" class="local"><Value instant="0">(real 0)</Value>
      </Stream>
      <Stream name="Euler1Rotation_newline__lpar_Yaw_rpar__3" type="real" class="local"><Value instant="0">(real 0)</Value>
      </Stream>
      <Stream name="Euler3Rotation_newline__lpar_Roll_rpar__4" type="real" class="local"><Value instant="0">(real 0)</Value>
      </Stream>
      <Stream name="Product_2" type="real" class="local"><Value instant="0">(real 0)</Value>
      </Stream>
      <Stream name="Euler2Rotation_newline__lpar_Pitch_rpar__2" type="real" class="local"><Value instant="0">(real 0)</Value>
      </Stream>
      <Stream name="Euler2Rotation_newline__lpar_Pitch_rpar__5" type="real" class="local"><Value instant="0">(real 1)</Value>
      </Stream>
      <Stream name="Euler2Rotation_newline__lpar_Pitch_rpar__8" type="real" class="local"><Value instant="0">(real 0)</Value>
      </Stream>
      <Stream name="Euler3Rotation_newline__lpar_Roll_rpar__7" type="real" class="local"><Value instant="0">(real 0)</Value>
      </Stream>
      <Stream name="Product_3" type="real" class="local"><Value instant="0">(real 0)</Value>
      </Stream>
      <Stream name="Euler2Rotation_newline__lpar_Pitch_rpar__3" type="real" class="local"><Value instant="0">(real 0)</Value>
      </Stream>
      <Stream name="Euler2Rotation_newline__lpar_Pitch_rpar__6" type="real" class="local"><Value instant="0">(real 0)</Value>
      </Stream>
      <Stream name="Euler2Rotation_newline__lpar_Pitch_rpar__9" type="real" class="local"><Value instant="0">(real 0)</Value>
      </Stream>
      <Stream name="Product1_4" type="real" class="local"><Value instant="0">0</Value>
      </Stream>
      <Stream name="Product_4" type="real" class="local"><Value instant="0">(real 0)</Value>
      </Stream>
      <Stream name="Euler1Rotation_newline__lpar_Yaw_rpar__4" type="real" class="local"><Value instant="0">(real 0)</Value>
      </Stream>
      <Stream name="Euler1Rotation_newline__lpar_Yaw_rpar__5" type="real" class="local"><Value instant="0">(real 0)</Value>
      </Stream>
      <Stream name="Euler1Rotation_newline__lpar_Yaw_rpar__6" type="real" class="local"><Value instant="0">(real 0)</Value>
      </Stream>
      <Stream name="Product_5" type="real" class="local"><Value instant="0">(real 0)</Value>
      </Stream>
      <Stream name="Product_6" type="real" class="local"><Value instant="0">(real 0)</Value>
      </Stream>
      <Stream name="Product1_7" type="real" class="local"><Value instant="0">0</Value>
      </Stream>
      <Stream name="Product_7" type="real" class="local"><Value instant="0">(real 0)</Value>
      </Stream>
      <Stream name="Euler1Rotation_newline__lpar_Yaw_rpar__7" type="real" class="local"><Value instant="0">(real 0)</Value>
      </Stream>
      <Stream name="Euler1Rotation_newline__lpar_Yaw_rpar__8" type="real" class="local"><Value instant="0">(real 0)</Value>
      </Stream>
      <Stream name="Euler1Rotation_newline__lpar_Yaw_rpar__9" type="real" class="local"><Value instant="0">(real 1)</Value>
      </Stream>
      <Stream name="Product_8" type="real" class="local"><Value instant="0">(real 0)</Value>
      </Stream>
      <Stream name="Product_9" type="real" class="local"><Value instant="0">(real 0)</Value>
      </Stream>
      <Stream name="Product1_2" type="real" class="local"><Value instant="0">0</Value>
      </Stream>
      <Stream name="Euler3Rotation_newline__lpar_Roll_rpar__2" type="real" class="local"><Value instant="0">(real 0)</Value>
      </Stream>
      <Stream name="Euler3Rotation_newline__lpar_Roll_rpar__5" type="real" class="local"><Value instant="0">(real 0)</Value>
      </Stream>
      <Stream name="Euler3Rotation_newline__lpar_Roll_rpar__8" type="real" class="local"><Value instant="0">(real 0)</Value>
      </Stream>
      <Stream name="Product1_5" type="real" class="local"><Value instant="0">0</Value>
      </Stream>
      <Stream name="Product1_8" type="real" class="local"><Value instant="0">0</Value>
      </Stream>
      <Stream name="Product1_3" type="real" class="local"><Value instant="0">0</Value>
      </Stream>
      <Stream name="Euler3Rotation_newline__lpar_Roll_rpar__3" type="real" class="local"><Value instant="0">(real 0)</Value>
      </Stream>
      <Stream name="Euler3Rotation_newline__lpar_Roll_rpar__6" type="real" class="local"><Value instant="0">(real 0)</Value>
      </Stream>
      <Stream name="Euler3Rotation_newline__lpar_Roll_rpar__9" type="real" class="local"><Value instant="0">(real 0)</Value>
      </Stream>
      <Stream name="Product1_6" type="real" class="local"><Value instant="0">0</Value>
      </Stream>
      <Stream name="Product1_9" type="real" class="local"><Value instant="0">0</Value>
      </Stream>
      <Node name="kind2_times" line="216" column="1710">
        <Stream name="x" type="real" class="input"><Value instant="0">(real 0)</Value>
        </Stream>
        <Stream name="y" type="real" class="input"><Value instant="0">(real 0)</Value>
        </Stream>
        <Stream name="z" type="real" class="output"><Value instant="0">(real 0)</Value>
        </Stream>
        <Stream name="abs_x" type="real" class="local"><Value instant="0">0</Value>
        </Stream>
        <Stream name="abs_y" type="real" class="local"><Value instant="0">0</Value>
        </Stream>
        <Stream name="abs_z" type="real" class="local"><Value instant="0">0</Value>
        </Stream>
      </Node>
      <Node name="kind2_times" line="216" column="1652">
        <Stream name="x" type="real" class="input"><Value instant="0">(real 0)</Value>
        </Stream>
        <Stream name="y" type="real" class="input"><Value instant="0">(real 0)</Value>
        </Stream>
        <Stream name="z" type="real" class="output"><Value instant="0">(real 0)</Value>
        </Stream>
        <Stream name="abs_x" type="real" class="local"><Value instant="0">0</Value>
        </Stream>
        <Stream name="abs_y" type="real" class="local"><Value instant="0">0</Value>
        </Stream>
        <Stream name="abs_z" type="real" class="local"><Value instant="0">0</Value>
        </Stream>
      </Node>
      <Node name="kind2_times" line="216" column="1596">
        <Stream name="x" type="real" class="input"><Value instant="0">(real 0)</Value>
        </Stream>
        <Stream name="y" type="real" class="input"><Value instant="0">(real 0)</Value>
        </Stream>
        <Stream name="z" type="real" class="output"><Value instant="0">(real 0)</Value>
        </Stream>
        <Stream name="abs_x" type="real" class="local"><Value instant="0">0</Value>
        </Stream>
        <Stream name="abs_y" type="real" class="local"><Value instant="0">0</Value>
        </Stream>
        <Stream name="abs_z" type="real" class="local"><Value instant="0">0</Value>
        </Stream>
      </Node>
      <Node name="kind2_times" line="216" column="1518">
        <Stream name="x" type="real" class="input"><Value instant="0">(real 0)</Value>
        </Stream>
        <Stream name="y" type="real" class="input"><Value instant="0">(real 0)</Value>
        </Stream>
        <Stream name="z" type="real" class="output"><Value instant="0">(real 0)</Value>
        </Stream>
        <Stream name="abs_x" type="real" class="local"><Value instant="0">0</Value>
        </Stream>
        <Stream name="abs_y" type="real" class="local"><Value instant="0">0</Value>
        </Stream>
        <Stream name="abs_z" type="real" class="local"><Value instant="0">0</Value>
        </Stream>
      </Node>
      <Node name="kind2_times" line="216" column="1460">
        <Stream name="x" type="real" class="input"><Value instant="0">(real 0)</Value>
        </Stream>
        <Stream name="y" type="real" class="input"><Value instant="0">(real 0)</Value>
        </Stream>
        <Stream name="z" type="real" class="output"><Value instant="0">(real 0)</Value>
        </Stream>
        <Stream name="abs_x" type="real" class="local"><Value instant="0">0</Value>
        </Stream>
        <Stream name="abs_y" type="real" class="local"><Value instant="0">0</Value>
        </Stream>
        <Stream name="abs_z" type="real" class="local"><Value instant="0">0</Value>
        </Stream>
      </Node>
      <Node name="kind2_times" line="216" column="1404">
        <Stream name="x" type="real" class="input"><Value instant="0">(real 0)</Value>
        </Stream>
        <Stream name="y" type="real" class="input"><Value instant="0">(real 0)</Value>
        </Stream>
        <Stream name="z" type="real" class="output"><Value instant="0">(real 0)</Value>
        </Stream>
        <Stream name="abs_x" type="real" class="local"><Value instant="0">0</Value>
        </Stream>
        <Stream name="abs_y" type="real" class="local"><Value instant="0">0</Value>
        </Stream>
        <Stream name="abs_z" type="real" class="local"><Value instant="0">0</Value>
        </Stream>
      </Node>
      <Node name="kind2_times" line="216" column="1338">
        <Stream name="x" type="real" class="input"><Value instant="0">(real 1)</Value>
        </Stream>
        <Stream name="y" type="real" class="input"><Value instant="0">(real 0)</Value>
        </Stream>
        <Stream name="z" type="real" class="output"><Value instant="0">(real 0)</Value>
        </Stream>
        <Stream name="abs_x" type="real" class="local"><Value instant="0">1</Value>
        </Stream>
        <Stream name="abs_y" type="real" class="local"><Value instant="0">0</Value>
        </Stream>
        <Stream name="abs_z" type="real" class="local"><Value instant="0">0</Value>
        </Stream>
      </Node>
      <Node name="kind2_times" line="216" column="1326">
        <Stream name="x" type="real" class="input"><Value instant="0">(real 0)</Value>
        </Stream>
        <Stream name="y" type="real" class="input"><Value instant="0">(real 0)</Value>
        </Stream>
        <Stream name="z" type="real" class="output"><Value instant="0">(real 0)</Value>
        </Stream>
        <Stream name="abs_x" type="real" class="local"><Value instant="0">0</Value>
        </Stream>
        <Stream name="abs_y" type="real" class="local"><Value instant="0">0</Value>
        </Stream>
        <Stream name="abs_z" type="real" class="local"><Value instant="0">0</Value>
        </Stream>
      </Node>
      <Node name="kind2_times" line="216" column="1280">
        <Stream name="x" type="real" class="input"><Value instant="0">(real 1)</Value>
        </Stream>
        <Stream name="y" type="real" class="input"><Value instant="0">(real 0)</Value>
        </Stream>
        <Stream name="z" type="real" class="output"><Value instant="0">(real 0)</Value>
        </Stream>
        <Stream name="abs_x" type="real" class="local"><Value instant="0">1</Value>
        </Stream>
        <Stream name="abs_y" type="real" class="local"><Value instant="0">0</Value>
        </Stream>
        <Stream name="abs_z" type="real" class="local"><Value instant="0">0</Value>
        </Stream>
      </Node>
      <Node name="kind2_times" line="216" column="1268">
        <Stream name="x" type="real" class="input"><Value instant="0">(real 0)</Value>
        </Stream>
        <Stream name="y" type="real" class="input"><Value instant="0">(real 0)</Value>
        </Stream>
        <Stream name="z" type="real" class="output"><Value instant="0">(real 0)</Value>
        </Stream>
        <Stream name="abs_x" type="real" class="local"><Value instant="0">0</Value>
        </Stream>
        <Stream name="abs_y" type="real" class="local"><Value instant="0">0</Value>
        </Stream>
        <Stream name="abs_z" type="real" class="local"><Value instant="0">0</Value>
        </Stream>
      </Node>
      <Node name="kind2_times" line="216" column="1224">
        <Stream name="x" type="real" class="input"><Value instant="0">(real 1)</Value>
        </Stream>
        <Stream name="y" type="real" class="input"><Value instant="0">(real 0)</Value>
        </Stream>
        <Stream name="z" type="real" class="output"><Value instant="0">(real 0)</Value>
        </Stream>
        <Stream name="abs_x" type="real" class="local"><Value instant="0">1</Value>
        </Stream>
        <Stream name="abs_y" type="real" class="local"><Value instant="0">0</Value>
        </Stream>
        <Stream name="abs_z" type="real" class="local"><Value instant="0">0</Value>
        </Stream>
      </Node>
      <Node name="kind2_times" line="216" column="1212">
        <Stream name="x" type="real" class="input"><Value instant="0">(real 0)</Value>
        </Stream>
        <Stream name="y" type="real" class="input"><Value instant="0">(real 0)</Value>
        </Stream>
        <Stream name="z" type="real" class="output"><Value instant="0">(real 0)</Value>
        </Stream>
        <Stream name="abs_x" type="real" class="local"><Value instant="0">0</Value>
        </Stream>
        <Stream name="abs_y" type="real" class="local"><Value instant="0">0</Value>
        </Stream>
        <Stream name="abs_z" type="real" class="local"><Value instant="0">0</Value>
        </Stream>
      </Node>
      <Node name="kind2_times" line="216" column="1134">
        <Stream name="x" type="real" class="input"><Value instant="0">(real 0)</Value>
        </Stream>
        <Stream name="y" type="real" class="input"><Value instant="0">(real 0)</Value>
        </Stream>
        <Stream name="z" type="real" class="output"><Value instant="0">(real 0)</Value>
        </Stream>
        <Stream name="abs_x" type="real" class="local"><Value instant="0">0</Value>
        </Stream>
        <Stream name="abs_y" type="real" class="local"><Value instant="0">0</Value>
        </Stream>
        <Stream name="abs_z" type="real" class="local"><Value instant="0">0</Value>
        </Stream>
      </Node>
      <Node name="kind2_times" line="216" column="1076">
        <Stream name="x" type="real" class="input"><Value instant="0">(real 0)</Value>
        </Stream>
        <Stream name="y" type="real" class="input"><Value instant="0">(real 0)</Value>
        </Stream>
        <Stream name="z" type="real" class="output"><Value instant="0">(real 0)</Value>
        </Stream>
        <Stream name="abs_x" type="real" class="local"><Value instant="0">0</Value>
        </Stream>
        <Stream name="abs_y" type="real" class="local"><Value instant="0">0</Value>
        </Stream>
        <Stream name="abs_z" type="real" class="local"><Value instant="0">0</Value>
        </Stream>
      </Node>
      <Node name="kind2_times" line="216" column="1020">
        <Stream name="x" type="real" class="input"><Value instant="0">(real 0)</Value>
        </Stream>
        <Stream name="y" type="real" class="input"><Value instant="0">(real 0)</Value>
        </Stream>
        <Stream name="z" type="real" class="output"><Value instant="0">(real 0)</Value>
        </Stream>
        <Stream name="abs_x" type="real" class="local"><Value instant="0">0</Value>
        </Stream>
        <Stream name="abs_y" type="real" class="local"><Value instant="0">0</Value>
        </Stream>
        <Stream name="abs_z" type="real" class="local"><Value instant="0">0</Value>
        </Stream>
      </Node>
      <Node name="kind2_times" line="216" column="942">
        <Stream name="x" type="real" class="input"><Value instant="0">(real 0)</Value>
        </Stream>
        <Stream name="y" type="real" class="input"><Value instant="0">(real 0)</Value>
        </Stream>
        <Stream name="z" type="real" class="output"><Value instant="0">(real 0)</Value>
        </Stream>
        <Stream name="abs_x" type="real" class="local"><Value instant="0">0</Value>
        </Stream>
        <Stream name="abs_y" type="real" class="local"><Value instant="0">0</Value>
        </Stream>
        <Stream name="abs_z" type="real" class="local"><Value instant="0">0</Value>
        </Stream>
      </Node>
      <Node name="kind2_times" line="216" column="884">
        <Stream name="x" type="real" class="input"><Value instant="0">(real 0)</Value>
        </Stream>
        <Stream name="y" type="real" class="input"><Value instant="0">(real 0)</Value>
        </Stream>
        <Stream name="z" type="real" class="output"><Value instant="0">(real 0)</Value>
        </Stream>
        <Stream name="abs_x" type="real" class="local"><Value instant="0">0</Value>
        </Stream>
        <Stream name="abs_y" type="real" class="local"><Value instant="0">0</Value>
        </Stream>
        <Stream name="abs_z" type="real" class="local"><Value instant="0">0</Value>
        </Stream>
      </Node>
      <Node name="kind2_times" line="216" column="828">
        <Stream name="x" type="real" class="input"><Value instant="0">(real 0)</Value>
        </Stream>
        <Stream name="y" type="real" class="input"><Value instant="0">(real 0)</Value>
        </Stream>
        <Stream name="z" type="real" class="output"><Value instant="0">(real 0)</Value>
        </Stream>
        <Stream name="abs_x" type="real" class="local"><Value instant="0">0</Value>
        </Stream>
        <Stream name="abs_y" type="real" class="local"><Value instant="0">0</Value>
        </Stream>
        <Stream name="abs_z" type="real" class="local"><Value instant="0">0</Value>
        </Stream>
      </Node>
      <Node name="kind2_times" line="216" column="762">
        <Stream name="x" type="real" class="input"><Value instant="0">(real 1)</Value>
        </Stream>
        <Stream name="y" type="real" class="input"><Value instant="0">(real 0)</Value>
        </Stream>
        <Stream name="z" type="real" class="output"><Value instant="0">(real 0)</Value>
        </Stream>
        <Stream name="abs_x" type="real" class="local"><Value instant="0">1</Value>
        </Stream>
        <Stream name="abs_y" type="real" class="local"><Value instant="0">0</Value>
        </Stream>
        <Stream name="abs_z" type="real" class="local"><Value instant="0">0</Value>
        </Stream>
      </Node>
      <Node name="kind2_times" line="216" column="750">
        <Stream name="x" type="real" class="input"><Value instant="0">(real 0)</Value>
        </Stream>
        <Stream name="y" type="real" class="input"><Value instant="0">(real 0)</Value>
        </Stream>
        <Stream name="z" type="real" class="output"><Value instant="0">(real 0)</Value>
        </Stream>
        <Stream name="abs_x" type="real" class="local"><Value instant="0">0</Value>
        </Stream>
        <Stream name="abs_y" type="real" class="local"><Value instant="0">0</Value>
        </Stream>
        <Stream name="abs_z" type="real" class="local"><Value instant="0">0</Value>
        </Stream>
      </Node>
      <Node name="kind2_times" line="216" column="704">
        <Stream name="x" type="real" class="input"><Value instant="0">(real 1)</Value>
        </Stream>
        <Stream name="y" type="real" class="input"><Value instant="0">(real 0)</Value>
        </Stream>
        <Stream name="z" type="real" class="output"><Value instant="0">(real 0)</Value>
        </Stream>
        <Stream name="abs_x" type="real" class="local"><Value instant="0">1</Value>
        </Stream>
        <Stream name="abs_y" type="real" class="local"><Value instant="0">0</Value>
        </Stream>
        <Stream name="abs_z" type="real" class="local"><Value instant="0">0</Value>
        </Stream>
      </Node>
      <Node name="kind2_times" line="216" column="692">
        <Stream name="x" type="real" class="input"><Value instant="0">(real 0)</Value>
        </Stream>
        <Stream name="y" type="real" class="input"><Value instant="0">(real 0)</Value>
        </Stream>
        <Stream name="z" type="real" class="output"><Value instant="0">(real 0)</Value>
        </Stream>
        <Stream name="abs_x" type="real" class="local"><Value instant="0">0</Value>
        </Stream>
        <Stream name="abs_y" type="real" class="local"><Value instant="0">0</Value>
        </Stream>
        <Stream name="abs_z" type="real" class="local"><Value instant="0">0</Value>
        </Stream>
      </Node>
      <Node name="kind2_times" line="216" column="648">
        <Stream name="x" type="real" class="input"><Value instant="0">(real 1)</Value>
        </Stream>
        <Stream name="y" type="real" class="input"><Value instant="0">(real 0)</Value>
        </Stream>
        <Stream name="z" type="real" class="output"><Value instant="0">(real 0)</Value>
        </Stream>
        <Stream name="abs_x" type="real" class="local"><Value instant="0">1</Value>
        </Stream>
        <Stream name="abs_y" type="real" class="local"><Value instant="0">0</Value>
        </Stream>
        <Stream name="abs_z" type="real" class="local"><Value instant="0">0</Value>
        </Stream>
      </Node>
      <Node name="kind2_times" line="216" column="636">
        <Stream name="x" type="real" class="input"><Value instant="0">(real 0)</Value>
        </Stream>
        <Stream name="y" type="real" class="input"><Value instant="0">(real 0)</Value>
        </Stream>
        <Stream name="z" type="real" class="output"><Value instant="0">(real 0)</Value>
        </Stream>
        <Stream name="abs_x" type="real" class="local"><Value instant="0">0</Value>
        </Stream>
        <Stream name="abs_y" type="real" class="local"><Value instant="0">0</Value>
        </Stream>
        <Stream name="abs_z" type="real" class="local"><Value instant="0">0</Value>
        </Stream>
      </Node>
      <Node name="kind2_times" line="266" column="155">
        <Stream name="x" type="real" class="input"><Value instant="0">(real 0)</Value>
        </Stream>
        <Stream name="y" type="real" class="input"><Value instant="0">(real 0)</Value>
        </Stream>
        <Stream name="z" type="real" class="output"><Value instant="0">(real 0)</Value>
        </Stream>
        <Stream name="abs_x" type="real" class="local"><Value instant="0">0</Value>
        </Stream>
        <Stream name="abs_y" type="real" class="local"><Value instant="0">0</Value>
        </Stream>
        <Stream name="abs_z" type="real" class="local"><Value instant="0">0</Value>
        </Stream>
      </Node>
      <Node name="kind2_times" line="266" column="85">
        <Stream name="x" type="real" class="input"><Value instant="0">(real 0)</Value>
        </Stream>
        <Stream name="y" type="real" class="input"><Value instant="0">(real 0)</Value>
        </Stream>
        <Stream name="z" type="real" class="output"><Value instant="0">(real 0)</Value>
        </Stream>
        <Stream name="abs_x" type="real" class="local"><Value instant="0">0</Value>
        </Stream>
        <Stream name="abs_y" type="real" class="local"><Value instant="0">0</Value>
        </Stream>
        <Stream name="abs_z" type="real" class="local"><Value instant="0">0</Value>
        </Stream>
      </Node>
      <Node name="kind2_times" line="266" column="15">
        <Stream name="x" type="real" class="input"><Value instant="0">(real 0)</Value>
        </Stream>
        <Stream name="y" type="real" class="input"><Value instant="0">(real 0)</Value>
        </Stream>
        <Stream name="z" type="real" class="output"><Value instant="0">(real 0)</Value>
        </Stream>
        <Stream name="abs_x" type="real" class="local"><Value instant="0">0</Value>
        </Stream>
        <Stream name="abs_y" type="real" class="local"><Value instant="0">0</Value>
        </Stream>
        <Stream name="abs_z" type="real" class="local"><Value instant="0">0</Value>
        </Stream>
      </Node>
      <Node name="kind2_times" line="216" column="558">
        <Stream name="x" type="real" class="input"><Value instant="0">(real 0)</Value>
        </Stream>
        <Stream name="y" type="real" class="input"><Value instant="0">(real 0)</Value>
        </Stream>
        <Stream name="z" type="real" class="output"><Value instant="0">(real 0)</Value>
        </Stream>
        <Stream name="abs_x" type="real" class="local"><Value instant="0">0</Value>
        </Stream>
        <Stream name="abs_y" type="real" class="local"><Value instant="0">0</Value>
        </Stream>
        <Stream name="abs_z" type="real" class="local"><Value instant="0">0</Value>
        </Stream>
      </Node>
      <Node name="kind2_times" line="265" column="155">
        <Stream name="x" type="real" class="input"><Value instant="0">(real 0)</Value>
        </Stream>
        <Stream name="y" type="real" class="input"><Value instant="0">(real 0)</Value>
        </Stream>
        <Stream name="z" type="real" class="output"><Value instant="0">(real 0)</Value>
        </Stream>
        <Stream name="abs_x" type="real" class="local"><Value instant="0">0</Value>
        </Stream>
        <Stream name="abs_y" type="real" class="local"><Value instant="0">0</Value>
        </Stream>
        <Stream name="abs_z" type="real" class="local"><Value instant="0">0</Value>
        </Stream>
      </Node>
      <Node name="kind2_times" line="265" column="85">
        <Stream name="x" type="real" class="input"><Value instant="0">(real 0)</Value>
        </Stream>
        <Stream name="y" type="real" class="input"><Value instant="0">(real 0)</Value>
        </Stream>
        <Stream name="z" type="real" class="output"><Value instant="0">(real 0)</Value>
        </Stream>
        <Stream name="abs_x" type="real" class="local"><Value instant="0">0</Value>
        </Stream>
        <Stream name="abs_y" type="real" class="local"><Value instant="0">0</Value>
        </Stream>
        <Stream name="abs_z" type="real" class="local"><Value instant="0">0</Value>
        </Stream>
      </Node>
      <Node name="kind2_times" line="265" column="15">
        <Stream name="x" type="real" class="input"><Value instant="0">(real 0)</Value>
        </Stream>
        <Stream name="y" type="real" class="input"><Value instant="0">(real 0)</Value>
        </Stream>
        <Stream name="z" type="real" class="output"><Value instant="0">(real 0)</Value>
        </Stream>
        <Stream name="abs_x" type="real" class="local"><Value instant="0">0</Value>
        </Stream>
        <Stream name="abs_y" type="real" class="local"><Value instant="0">0</Value>
        </Stream>
        <Stream name="abs_z" type="real" class="local"><Value instant="0">0</Value>
        </Stream>
      </Node>
      <Node name="kind2_times" line="216" column="500">
        <Stream name="x" type="real" class="input"><Value instant="0">(real 0)</Value>
        </Stream>
        <Stream name="y" type="real" class="input"><Value instant="0">(real 0)</Value>
        </Stream>
        <Stream name="z" type="real" class="output"><Value instant="0">(real 0)</Value>
        </Stream>
        <Stream name="abs_x" type="real" class="local"><Value instant="0">0</Value>
        </Stream>
        <Stream name="abs_y" type="real" class="local"><Value instant="0">0</Value>
        </Stream>
        <Stream name="abs_z" type="real" class="local"><Value instant="0">0</Value>
        </Stream>
      </Node>
      <Node name="kind2_times" line="264" column="155">
        <Stream name="x" type="real" class="input"><Value instant="0">(real 0)</Value>
        </Stream>
        <Stream name="y" type="real" class="input"><Value instant="0">(real 0)</Value>
        </Stream>
        <Stream name="z" type="real" class="output"><Value instant="0">(real 0)</Value>
        </Stream>
        <Stream name="abs_x" type="real" class="local"><Value instant="0">0</Value>
        </Stream>
        <Stream name="abs_y" type="real" class="local"><Value instant="0">0</Value>
        </Stream>
        <Stream name="abs_z" type="real" class="local"><Value instant="0">0</Value>
        </Stream>
      </Node>
      <Node name="kind2_times" line="264" column="85">
        <Stream name="x" type="real" class="input"><Value instant="0">(real 0)</Value>
        </Stream>
        <Stream name="y" type="real" class="input"><Value instant="0">(real 0)</Value>
        </Stream>
        <Stream name="z" type="real" class="output"><Value instant="0">(real 0)</Value>
        </Stream>
        <Stream name="abs_x" type="real" class="local"><Value instant="0">0</Value>
        </Stream>
        <Stream name="abs_y" type="real" class="local"><Value instant="0">0</Value>
        </Stream>
        <Stream name="abs_z" type="real" class="local"><Value instant="0">0</Value>
        </Stream>
      </Node>
      <Node name="kind2_times" line="264" column="15">
        <Stream name="x" type="real" class="input"><Value instant="0">(real 0)</Value>
        </Stream>
        <Stream name="y" type="real" class="input"><Value instant="0">(real 0)</Value>
        </Stream>
        <Stream name="z" type="real" class="output"><Value instant="0">(real 0)</Value>
        </Stream>
        <Stream name="abs_x" type="real" class="local"><Value instant="0">0</Value>
        </Stream>
        <Stream name="abs_y" type="real" class="local"><Value instant="0">0</Value>
        </Stream>
        <Stream name="abs_z" type="real" class="local"><Value instant="0">0</Value>
        </Stream>
      </Node>
      <Node name="kind2_times" line="216" column="444">
        <Stream name="x" type="real" class="input"><Value instant="0">(real 0)</Value>
        </Stream>
        <Stream name="y" type="real" class="input"><Value instant="0">(real 0)</Value>
        </Stream>
        <Stream name="z" type="real" class="output"><Value instant="0">(real 0)</Value>
        </Stream>
        <Stream name="abs_x" type="real" class="local"><Value instant="0">0</Value>
        </Stream>
        <Stream name="abs_y" type="real" class="local"><Value instant="0">0</Value>
        </Stream>
        <Stream name="abs_z" type="real" class="local"><Value instant="0">0</Value>
        </Stream>
      </Node>
      <Node name="kind2_times" line="263" column="155">
        <Stream name="x" type="real" class="input"><Value instant="0">(real 0)</Value>
        </Stream>
        <Stream name="y" type="real" class="input"><Value instant="0">(real 0)</Value>
        </Stream>
        <Stream name="z" type="real" class="output"><Value instant="0">(real 0)</Value>
        </Stream>
        <Stream name="abs_x" type="real" class="local"><Value instant="0">0</Value>
        </Stream>
        <Stream name="abs_y" type="real" class="local"><Value instant="0">0</Value>
        </Stream>
        <Stream name="abs_z" type="real" class="local"><Value instant="0">0</Value>
        </Stream>
      </Node>
      <Node name="kind2_times" line="263" column="85">
        <Stream name="x" type="real" class="input"><Value instant="0">(real 0)</Value>
        </Stream>
        <Stream name="y" type="real" class="input"><Value instant="0">(real 0)</Value>
        </Stream>
        <Stream name="z" type="real" class="output"><Value instant="0">(real 0)</Value>
        </Stream>
        <Stream name="abs_x" type="real" class="local"><Value instant="0">0</Value>
        </Stream>
        <Stream name="abs_y" type="real" class="local"><Value instant="0">0</Value>
        </Stream>
        <Stream name="abs_z" type="real" class="local"><Value instant="0">0</Value>
        </Stream>
      </Node>
      <Node name="kind2_times" line="263" column="15">
        <Stream name="x" type="real" class="input"><Value instant="0">(real 0)</Value>
        </Stream>
        <Stream name="y" type="real" class="input"><Value instant="0">(real 0)</Value>
        </Stream>
        <Stream name="z" type="real" class="output"><Value instant="0">(real 0)</Value>
        </Stream>
        <Stream name="abs_x" type="real" class="local"><Value instant="0">0</Value>
        </Stream>
        <Stream name="abs_y" type="real" class="local"><Value instant="0">0</Value>
        </Stream>
        <Stream name="abs_z" type="real" class="local"><Value instant="0">0</Value>
        </Stream>
      </Node>
      <Node name="kind2_times" line="216" column="366">
        <Stream name="x" type="real" class="input"><Value instant="0">(real 0)</Value>
        </Stream>
        <Stream name="y" type="real" class="input"><Value instant="0">(real 0)</Value>
        </Stream>
        <Stream name="z" type="real" class="output"><Value instant="0">(real 0)</Value>
        </Stream>
        <Stream name="abs_x" type="real" class="local"><Value instant="0">0</Value>
        </Stream>
        <Stream name="abs_y" type="real" class="local"><Value instant="0">0</Value>
        </Stream>
        <Stream name="abs_z" type="real" class="local"><Value instant="0">0</Value>
        </Stream>
      </Node>
      <Node name="kind2_times" line="262" column="155">
        <Stream name="x" type="real" class="input"><Value instant="0">(real 0)</Value>
        </Stream>
        <Stream name="y" type="real" class="input"><Value instant="0">(real 0)</Value>
        </Stream>
        <Stream name="z" type="real" class="output"><Value instant="0">(real 0)</Value>
        </Stream>
        <Stream name="abs_x" type="real" class="local"><Value instant="0">0</Value>
        </Stream>
        <Stream name="abs_y" type="real" class="local"><Value instant="0">0</Value>
        </Stream>
        <Stream name="abs_z" type="real" class="local"><Value instant="0">0</Value>
        </Stream>
      </Node>
      <Node name="kind2_times" line="262" column="85">
        <Stream name="x" type="real" class="input"><Value instant="0">(real 0)</Value>
        </Stream>
        <Stream name="y" type="real" class="input"><Value instant="0">(real 0)</Value>
        </Stream>
        <Stream name="z" type="real" class="output"><Value instant="0">(real 0)</Value>
        </Stream>
        <Stream name="abs_x" type="real" class="local"><Value instant="0">0</Value>
        </Stream>
        <Stream name="abs_y" type="real" class="local"><Value instant="0">0</Value>
        </Stream>
        <Stream name="abs_z" type="real" class="local"><Value instant="0">0</Value>
        </Stream>
      </Node>
      <Node name="kind2_times" line="262" column="15">
        <Stream name="x" type="real" class="input"><Value instant="0">(real 0)</Value>
        </Stream>
        <Stream name="y" type="real" class="input"><Value instant="0">(real 0)</Value>
        </Stream>
        <Stream name="z" type="real" class="output"><Value instant="0">(real 0)</Value>
        </Stream>
        <Stream name="abs_x" type="real" class="local"><Value instant="0">0</Value>
        </Stream>
        <Stream name="abs_y" type="real" class="local"><Value instant="0">0</Value>
        </Stream>
        <Stream name="abs_z" type="real" class="local"><Value instant="0">0</Value>
        </Stream>
      </Node>
      <Node name="kind2_times" line="216" column="308">
        <Stream name="x" type="real" class="input"><Value instant="0">(real 0)</Value>
        </Stream>
        <Stream name="y" type="real" class="input"><Value instant="0">(real 0)</Value>
        </Stream>
        <Stream name="z" type="real" class="output"><Value instant="0">(real 0)</Value>
        </Stream>
        <Stream name="abs_x" type="real" class="local"><Value instant="0">0</Value>
        </Stream>
        <Stream name="abs_y" type="real" class="local"><Value instant="0">0</Value>
        </Stream>
        <Stream name="abs_z" type="real" class="local"><Value instant="0">0</Value>
        </Stream>
      </Node>
      <Node name="kind2_times" line="261" column="155">
        <Stream name="x" type="real" class="input"><Value instant="0">(real 0)</Value>
        </Stream>
        <Stream name="y" type="real" class="input"><Value instant="0">(real 0)</Value>
        </Stream>
        <Stream name="z" type="real" class="output"><Value instant="0">(real 0)</Value>
        </Stream>
        <Stream name="abs_x" type="real" class="local"><Value instant="0">0</Value>
        </Stream>
        <Stream name="abs_y" type="real" class="local"><Value instant="0">0</Value>
        </Stream>
        <Stream name="abs_z" type="real" class="local"><Value instant="0">0</Value>
        </Stream>
      </Node>
      <Node name="kind2_times" line="261" column="85">
        <Stream name="x" type="real" class="input"><Value instant="0">(real 0)</Value>
        </Stream>
        <Stream name="y" type="real" class="input"><Value instant="0">(real 0)</Value>
        </Stream>
        <Stream name="z" type="real" class="output"><Value instant="0">(real 0)</Value>
        </Stream>
        <Stream name="abs_x" type="real" class="local"><Value instant="0">0</Value>
        </Stream>
        <Stream name="abs_y" type="real" class="local"><Value instant="0">0</Value>
        </Stream>
        <Stream name="abs_z" type="real" class="local"><Value instant="0">0</Value>
        </Stream>
      </Node>
      <Node name="kind2_times" line="261" column="15">
        <Stream name="x" type="real" class="input"><Value instant="0">(real 0)</Value>
        </Stream>
        <Stream name="y" type="real" class="input"><Value instant="0">(real 0)</Value>
        </Stream>
        <Stream name="z" type="real" class="output"><Value instant="0">(real 0)</Value>
        </Stream>
        <Stream name="abs_x" type="real" class="local"><Value instant="0">0</Value>
        </Stream>
        <Stream name="abs_y" type="real" class="local"><Value instant="0">0</Value>
        </Stream>
        <Stream name="abs_z" type="real" class="local"><Value instant="0">0</Value>
        </Stream>
      </Node>
      <Node name="kind2_times" line="216" column="252">
        <Stream name="x" type="real" class="input"><Value instant="0">(real 0)</Value>
        </Stream>
        <Stream name="y" type="real" class="input"><Value instant="0">(real 0)</Value>
        </Stream>
        <Stream name="z" type="real" class="output"><Value instant="0">(real 0)</Value>
        </Stream>
        <Stream name="abs_x" type="real" class="local"><Value instant="0">0</Value>
        </Stream>
        <Stream name="abs_y" type="real" class="local"><Value instant="0">0</Value>
        </Stream>
        <Stream name="abs_z" type="real" class="local"><Value instant="0">0</Value>
        </Stream>
      </Node>
      <Node name="kind2_times" line="257" column="218">
        <Stream name="x" type="real" class="input"><Value instant="0">(real 0)</Value>
        </Stream>
        <Stream name="y" type="real" class="input"><Value instant="0">(real 1)</Value>
        </Stream>
        <Stream name="z" type="real" class="output"><Value instant="0">(real 0)</Value>
        </Stream>
        <Stream name="abs_x" type="real" class="local"><Value instant="0">0</Value>
        </Stream>
        <Stream name="abs_y" type="real" class="local"><Value instant="0">1</Value>
        </Stream>
        <Stream name="abs_z" type="real" class="local"><Value instant="0">0</Value>
        </Stream>
      </Node>
      <Node name="kind2_times" line="257" column="116">
        <Stream name="x" type="real" class="input"><Value instant="0">(real 0)</Value>
        </Stream>
        <Stream name="y" type="real" class="input"><Value instant="0">(real 0)</Value>
        </Stream>
        <Stream name="z" type="real" class="output"><Value instant="0">(real 0)</Value>
        </Stream>
        <Stream name="abs_x" type="real" class="local"><Value instant="0">0</Value>
        </Stream>
        <Stream name="abs_y" type="real" class="local"><Value instant="0">0</Value>
        </Stream>
        <Stream name="abs_z" type="real" class="local"><Value instant="0">0</Value>
        </Stream>
      </Node>
      <Node name="kind2_times" line="257" column="14">
        <Stream name="x" type="real" class="input"><Value instant="0">(real 0)</Value>
        </Stream>
        <Stream name="y" type="real" class="input"><Value instant="0">(real 0)</Value>
        </Stream>
        <Stream name="z" type="real" class="output"><Value instant="0">(real 0)</Value>
        </Stream>
        <Stream name="abs_x" type="real" class="local"><Value instant="0">0</Value>
        </Stream>
        <Stream name="abs_y" type="real" class="local"><Value instant="0">0</Value>
        </Stream>
        <Stream name="abs_z" type="real" class="local"><Value instant="0">0</Value>
        </Stream>
      </Node>
      <Node name="kind2_times" line="260" column="155">
        <Stream name="x" type="real" class="input"><Value instant="0">(real 0)</Value>
        </Stream>
        <Stream name="y" type="real" class="input"><Value instant="0">(real 0)</Value>
        </Stream>
        <Stream name="z" type="real" class="output"><Value instant="0">(real 0)</Value>
        </Stream>
        <Stream name="abs_x" type="real" class="local"><Value instant="0">0</Value>
        </Stream>
        <Stream name="abs_y" type="real" class="local"><Value instant="0">0</Value>
        </Stream>
        <Stream name="abs_z" type="real" class="local"><Value instant="0">0</Value>
        </Stream>
      </Node>
      <Node name="kind2_times" line="254" column="218">
        <Stream name="x" type="real" class="input"><Value instant="0">(real 0)</Value>
        </Stream>
        <Stream name="y" type="real" class="input"><Value instant="0">(real 1)</Value>
        </Stream>
        <Stream name="z" type="real" class="output"><Value instant="0">(real 0)</Value>
        </Stream>
        <Stream name="abs_x" type="real" class="local"><Value instant="0">0</Value>
        </Stream>
        <Stream name="abs_y" type="real" class="local"><Value instant="0">1</Value>
        </Stream>
        <Stream name="abs_z" type="real" class="local"><Value instant="0">0</Value>
        </Stream>
      </Node>
      <Node name="kind2_times" line="254" column="116">
        <Stream name="x" type="real" class="input"><Value instant="0">(real 1)</Value>
        </Stream>
        <Stream name="y" type="real" class="input"><Value instant="0">(real 0)</Value>
        </Stream>
        <Stream name="z" type="real" class="output"><Value instant="0">(real 0)</Value>
        </Stream>
        <Stream name="abs_x" type="real" class="local"><Value instant="0">1</Value>
        </Stream>
        <Stream name="abs_y" type="real" class="local"><Value instant="0">0</Value>
        </Stream>
        <Stream name="abs_z" type="real" class="local"><Value instant="0">0</Value>
        </Stream>
      </Node>
      <Node name="kind2_times" line="254" column="14">
        <Stream name="x" type="real" class="input"><Value instant="0">(real 0)</Value>
        </Stream>
        <Stream name="y" type="real" class="input"><Value instant="0">(real 0)</Value>
        </Stream>
        <Stream name="z" type="real" class="output"><Value instant="0">(real 0)</Value>
        </Stream>
        <Stream name="abs_x" type="real" class="local"><Value instant="0">0</Value>
        </Stream>
        <Stream name="abs_y" type="real" class="local"><Value instant="0">0</Value>
        </Stream>
        <Stream name="abs_z" type="real" class="local"><Value instant="0">0</Value>
        </Stream>
      </Node>
      <Node name="kind2_times" line="260" column="85">
        <Stream name="x" type="real" class="input"><Value instant="0">(real 0)</Value>
        </Stream>
        <Stream name="y" type="real" class="input"><Value instant="0">(real 0)</Value>
        </Stream>
        <Stream name="z" type="real" class="output"><Value instant="0">(real 0)</Value>
        </Stream>
        <Stream name="abs_x" type="real" class="local"><Value instant="0">0</Value>
        </Stream>
        <Stream name="abs_y" type="real" class="local"><Value instant="0">0</Value>
        </Stream>
        <Stream name="abs_z" type="real" class="local"><Value instant="0">0</Value>
        </Stream>
      </Node>
      <Node name="kind2_times" line="251" column="218">
        <Stream name="x" type="real" class="input"><Value instant="0">(real 0)</Value>
        </Stream>
        <Stream name="y" type="real" class="input"><Value instant="0">(real 1)</Value>
        </Stream>
        <Stream name="z" type="real" class="output"><Value instant="0">(real 0)</Value>
        </Stream>
        <Stream name="abs_x" type="real" class="local"><Value instant="0">0</Value>
        </Stream>
        <Stream name="abs_y" type="real" class="local"><Value instant="0">1</Value>
        </Stream>
        <Stream name="abs_z" type="real" class="local"><Value instant="0">0</Value>
        </Stream>
      </Node>
      <Node name="kind2_times" line="251" column="116">
        <Stream name="x" type="real" class="input"><Value instant="0">(real 0)</Value>
        </Stream>
        <Stream name="y" type="real" class="input"><Value instant="0">(real 0)</Value>
        </Stream>
        <Stream name="z" type="real" class="output"><Value instant="0">(real 0)</Value>
        </Stream>
        <Stream name="abs_x" type="real" class="local"><Value instant="0">0</Value>
        </Stream>
        <Stream name="abs_y" type="real" class="local"><Value instant="0">0</Value>
        </Stream>
        <Stream name="abs_z" type="real" class="local"><Value instant="0">0</Value>
        </Stream>
      </Node>
      <Node name="kind2_times" line="251" column="14">
        <Stream name="x" type="real" class="input"><Value instant="0">(real 0)</Value>
        </Stream>
        <Stream name="y" type="real" class="input"><Value instant="0">(real 0)</Value>
        </Stream>
        <Stream name="z" type="real" class="output"><Value instant="0">(real 0)</Value>
        </Stream>
        <Stream name="abs_x" type="real" class="local"><Value instant="0">0</Value>
        </Stream>
        <Stream name="abs_y" type="real" class="local"><Value instant="0">0</Value>
        </Stream>
        <Stream name="abs_z" type="real" class="local"><Value instant="0">0</Value>
        </Stream>
      </Node>
      <Node name="kind2_times" line="260" column="15">
        <Stream name="x" type="real" class="input"><Value instant="0">(real 1)</Value>
        </Stream>
        <Stream name="y" type="real" class="input"><Value instant="0">(real 0)</Value>
        </Stream>
        <Stream name="z" type="real" class="output"><Value instant="0">(real 0)</Value>
        </Stream>
        <Stream name="abs_x" type="real" class="local"><Value instant="0">1</Value>
        </Stream>
        <Stream name="abs_y" type="real" class="local"><Value instant="0">0</Value>
        </Stream>
        <Stream name="abs_z" type="real" class="local"><Value instant="0">0</Value>
        </Stream>
      </Node>
      <Node name="kind2_times" line="216" column="188">
        <Stream name="x" type="real" class="input"><Value instant="0">(real 1)</Value>
        </Stream>
        <Stream name="y" type="real" class="input"><Value instant="0">(real 0)</Value>
        </Stream>
        <Stream name="z" type="real" class="output"><Value instant="0">(real 0)</Value>
        </Stream>
        <Stream name="abs_x" type="real" class="local"><Value instant="0">1</Value>
        </Stream>
        <Stream name="abs_y" type="real" class="local"><Value instant="0">0</Value>
        </Stream>
        <Stream name="abs_z" type="real" class="local"><Value instant="0">0</Value>
        </Stream>
      </Node>
      <Node name="kind2_times" line="216" column="176">
        <Stream name="x" type="real" class="input"><Value instant="0">(real 0)</Value>
        </Stream>
        <Stream name="y" type="real" class="input"><Value instant="0">(real 0)</Value>
        </Stream>
        <Stream name="z" type="real" class="output"><Value instant="0">(real 0)</Value>
        </Stream>
        <Stream name="abs_x" type="real" class="local"><Value instant="0">0</Value>
        </Stream>
        <Stream name="abs_y" type="real" class="local"><Value instant="0">0</Value>
        </Stream>
        <Stream name="abs_z" type="real" class="local"><Value instant="0">0</Value>
        </Stream>
      </Node>
      <Node name="kind2_times" line="256" column="218">
        <Stream name="x" type="real" class="input"><Value instant="0">(real 0)</Value>
        </Stream>
        <Stream name="y" type="real" class="input"><Value instant="0">(real 0)</Value>
        </Stream>
        <Stream name="z" type="real" class="output"><Value instant="0">(real 0)</Value>
        </Stream>
        <Stream name="abs_x" type="real" class="local"><Value instant="0">0</Value>
        </Stream>
        <Stream name="abs_y" type="real" class="local"><Value instant="0">0</Value>
        </Stream>
        <Stream name="abs_z" type="real" class="local"><Value instant="0">0</Value>
        </Stream>
      </Node>
      <Node name="kind2_times" line="256" column="116">
        <Stream name="x" type="real" class="input"><Value instant="0">(real 0)</Value>
        </Stream>
        <Stream name="y" type="real" class="input"><Value instant="0">(real 0)</Value>
        </Stream>
        <Stream name="z" type="real" class="output"><Value instant="0">(real 0)</Value>
        </Stream>
        <Stream name="abs_x" type="real" class="local"><Value instant="0">0</Value>
        </Stream>
        <Stream name="abs_y" type="real" class="local"><Value instant="0">0</Value>
        </Stream>
        <Stream name="abs_z" type="real" class="local"><Value instant="0">0</Value>
        </Stream>
      </Node>
      <Node name="kind2_times" line="256" column="14">
        <Stream name="x" type="real" class="input"><Value instant="0">(real 0)</Value>
        </Stream>
        <Stream name="y" type="real" class="input"><Value instant="0">(real 0)</Value>
        </Stream>
        <Stream name="z" type="real" class="output"><Value instant="0">(real 0)</Value>
        </Stream>
        <Stream name="abs_x" type="real" class="local"><Value instant="0">0</Value>
        </Stream>
        <Stream name="abs_y" type="real" class="local"><Value instant="0">0</Value>
        </Stream>
        <Stream name="abs_z" type="real" class="local"><Value instant="0">0</Value>
        </Stream>
      </Node>
      <Node name="kind2_times" line="259" column="155">
        <Stream name="x" type="real" class="input"><Value instant="0">(real 0)</Value>
        </Stream>
        <Stream name="y" type="real" class="input"><Value instant="0">(real 0)</Value>
        </Stream>
        <Stream name="z" type="real" class="output"><Value instant="0">(real 0)</Value>
        </Stream>
        <Stream name="abs_x" type="real" class="local"><Value instant="0">0</Value>
        </Stream>
        <Stream name="abs_y" type="real" class="local"><Value instant="0">0</Value>
        </Stream>
        <Stream name="abs_z" type="real" class="local"><Value instant="0">0</Value>
        </Stream>
      </Node>
      <Node name="kind2_times" line="253" column="218">
        <Stream name="x" type="real" class="input"><Value instant="0">(real 0)</Value>
        </Stream>
        <Stream name="y" type="real" class="input"><Value instant="0">(real 0)</Value>
        </Stream>
        <Stream name="z" type="real" class="output"><Value instant="0">(real 0)</Value>
        </Stream>
        <Stream name="abs_x" type="real" class="local"><Value instant="0">0</Value>
        </Stream>
        <Stream name="abs_y" type="real" class="local"><Value instant="0">0</Value>
        </Stream>
        <Stream name="abs_z" type="real" class="local"><Value instant="0">0</Value>
        </Stream>
      </Node>
      <Node name="kind2_times" line="253" column="116">
        <Stream name="x" type="real" class="input"><Value instant="0">(real 1)</Value>
        </Stream>
        <Stream name="y" type="real" class="input"><Value instant="0">(real 0)</Value>
        </Stream>
        <Stream name="z" type="real" class="output"><Value instant="0">(real 0)</Value>
        </Stream>
        <Stream name="abs_x" type="real" class="local"><Value instant="0">1</Value>
        </Stream>
        <Stream name="abs_y" type="real" class="local"><Value instant="0">0</Value>
        </Stream>
        <Stream name="abs_z" type="real" class="local"><Value instant="0">0</Value>
        </Stream>
      </Node>
      <Node name="kind2_times" line="253" column="14">
        <Stream name="x" type="real" class="input"><Value instant="0">(real 0)</Value>
        </Stream>
        <Stream name="y" type="real" class="input"><Value instant="0">(real 0)</Value>
        </Stream>
        <Stream name="z" type="real" class="output"><Value instant="0">(real 0)</Value>
        </Stream>
        <Stream name="abs_x" type="real" class="local"><Value instant="0">0</Value>
        </Stream>
        <Stream name="abs_y" type="real" class="local"><Value instant="0">0</Value>
        </Stream>
        <Stream name="abs_z" type="real" class="local"><Value instant="0">0</Value>
        </Stream>
      </Node>
      <Node name="kind2_times" line="259" column="85">
        <Stream name="x" type="real" class="input"><Value instant="0">(real 0)</Value>
        </Stream>
        <Stream name="y" type="real" class="input"><Value instant="0">(real 0)</Value>
        </Stream>
        <Stream name="z" type="real" class="output"><Value instant="0">(real 0)</Value>
        </Stream>
        <Stream name="abs_x" type="real" class="local"><Value instant="0">0</Value>
        </Stream>
        <Stream name="abs_y" type="real" class="local"><Value instant="0">0</Value>
        </Stream>
        <Stream name="abs_z" type="real" class="local"><Value instant="0">0</Value>
        </Stream>
      </Node>
      <Node name="kind2_times" line="250" column="218">
        <Stream name="x" type="real" class="input"><Value instant="0">(real 0)</Value>
        </Stream>
        <Stream name="y" type="real" class="input"><Value instant="0">(real 0)</Value>
        </Stream>
        <Stream name="z" type="real" class="output"><Value instant="0">(real 0)</Value>
        </Stream>
        <Stream name="abs_x" type="real" class="local"><Value instant="0">0</Value>
        </Stream>
        <Stream name="abs_y" type="real" class="local"><Value instant="0">0</Value>
        </Stream>
        <Stream name="abs_z" type="real" class="local"><Value instant="0">0</Value>
        </Stream>
      </Node>
      <Node name="kind2_times" line="250" column="116">
        <Stream name="x" type="real" class="input"><Value instant="0">(real 0)</Value>
        </Stream>
        <Stream name="y" type="real" class="input"><Value instant="0">(real 0)</Value>
        </Stream>
        <Stream name="z" type="real" class="output"><Value instant="0">(real 0)</Value>
        </Stream>
        <Stream name="abs_x" type="real" class="local"><Value instant="0">0</Value>
        </Stream>
        <Stream name="abs_y" type="real" class="local"><Value instant="0">0</Value>
        </Stream>
        <Stream name="abs_z" type="real" class="local"><Value instant="0">0</Value>
        </Stream>
      </Node>
      <Node name="kind2_times" line="250" column="14">
        <Stream name="x" type="real" class="input"><Value instant="0">(real 0)</Value>
        </Stream>
        <Stream name="y" type="real" class="input"><Value instant="0">(real 0)</Value>
        </Stream>
        <Stream name="z" type="real" class="output"><Value instant="0">(real 0)</Value>
        </Stream>
        <Stream name="abs_x" type="real" class="local"><Value instant="0">0</Value>
        </Stream>
        <Stream name="abs_y" type="real" class="local"><Value instant="0">0</Value>
        </Stream>
        <Stream name="abs_z" type="real" class="local"><Value instant="0">0</Value>
        </Stream>
      </Node>
      <Node name="kind2_times" line="259" column="15">
        <Stream name="x" type="real" class="input"><Value instant="0">(real 1)</Value>
        </Stream>
        <Stream name="y" type="real" class="input"><Value instant="0">(real 0)</Value>
        </Stream>
        <Stream name="z" type="real" class="output"><Value instant="0">(real 0)</Value>
        </Stream>
        <Stream name="abs_x" type="real" class="local"><Value instant="0">1</Value>
        </Stream>
        <Stream name="abs_y" type="real" class="local"><Value instant="0">0</Value>
        </Stream>
        <Stream name="abs_z" type="real" class="local"><Value instant="0">0</Value>
        </Stream>
      </Node>
      <Node name="kind2_times" line="216" column="130">
        <Stream name="x" type="real" class="input"><Value instant="0">(real 1)</Value>
        </Stream>
        <Stream name="y" type="real" class="input"><Value instant="0">(real 0)</Value>
        </Stream>
        <Stream name="z" type="real" class="output"><Value instant="0">(real 0)</Value>
        </Stream>
        <Stream name="abs_x" type="real" class="local"><Value instant="0">1</Value>
        </Stream>
        <Stream name="abs_y" type="real" class="local"><Value instant="0">0</Value>
        </Stream>
        <Stream name="abs_z" type="real" class="local"><Value instant="0">0</Value>
        </Stream>
      </Node>
      <Node name="kind2_times" line="216" column="118">
        <Stream name="x" type="real" class="input"><Value instant="0">(real 0)</Value>
        </Stream>
        <Stream name="y" type="real" class="input"><Value instant="0">(real 0)</Value>
        </Stream>
        <Stream name="z" type="real" class="output"><Value instant="0">(real 0)</Value>
        </Stream>
        <Stream name="abs_x" type="real" class="local"><Value instant="0">0</Value>
        </Stream>
        <Stream name="abs_y" type="real" class="local"><Value instant="0">0</Value>
        </Stream>
        <Stream name="abs_z" type="real" class="local"><Value instant="0">0</Value>
        </Stream>
      </Node>
      <Node name="kind2_times" line="255" column="218">
        <Stream name="x" type="real" class="input"><Value instant="0">(real 0)</Value>
        </Stream>
        <Stream name="y" type="real" class="input"><Value instant="0">(real 0)</Value>
        </Stream>
        <Stream name="z" type="real" class="output"><Value instant="0">(real 0)</Value>
        </Stream>
        <Stream name="abs_x" type="real" class="local"><Value instant="0">0</Value>
        </Stream>
        <Stream name="abs_y" type="real" class="local"><Value instant="0">0</Value>
        </Stream>
        <Stream name="abs_z" type="real" class="local"><Value instant="0">0</Value>
        </Stream>
      </Node>
      <Node name="kind2_times" line="255" column="116">
        <Stream name="x" type="real" class="input"><Value instant="0">(real 0)</Value>
        </Stream>
        <Stream name="y" type="real" class="input"><Value instant="0">(real 0)</Value>
        </Stream>
        <Stream name="z" type="real" class="output"><Value instant="0">(real 0)</Value>
        </Stream>
        <Stream name="abs_x" type="real" class="local"><Value instant="0">0</Value>
        </Stream>
        <Stream name="abs_y" type="real" class="local"><Value instant="0">0</Value>
        </Stream>
        <Stream name="abs_z" type="real" class="local"><Value instant="0">0</Value>
        </Stream>
      </Node>
      <Node name="kind2_times" line="255" column="14">
        <Stream name="x" type="real" class="input"><Value instant="0">(real 0)</Value>
        </Stream>
        <Stream name="y" type="real" class="input"><Value instant="0">(real 0)</Value>
        </Stream>
        <Stream name="z" type="real" class="output"><Value instant="0">(real 0)</Value>
        </Stream>
        <Stream name="abs_x" type="real" class="local"><Value instant="0">0</Value>
        </Stream>
        <Stream name="abs_y" type="real" class="local"><Value instant="0">0</Value>
        </Stream>
        <Stream name="abs_z" type="real" class="local"><Value instant="0">0</Value>
        </Stream>
      </Node>
      <Node name="kind2_times" line="258" column="155">
        <Stream name="x" type="real" class="input"><Value instant="0">(real 0)</Value>
        </Stream>
        <Stream name="y" type="real" class="input"><Value instant="0">(real 0)</Value>
        </Stream>
        <Stream name="z" type="real" class="output"><Value instant="0">(real 0)</Value>
        </Stream>
        <Stream name="abs_x" type="real" class="local"><Value instant="0">0</Value>
        </Stream>
        <Stream name="abs_y" type="real" class="local"><Value instant="0">0</Value>
        </Stream>
        <Stream name="abs_z" type="real" class="local"><Value instant="0">0</Value>
        </Stream>
      </Node>
      <Node name="kind2_times" line="252" column="218">
        <Stream name="x" type="real" class="input"><Value instant="0">(real 0)</Value>
        </Stream>
        <Stream name="y" type="real" class="input"><Value instant="0">(real 0)</Value>
        </Stream>
        <Stream name="z" type="real" class="output"><Value instant="0">(real 0)</Value>
        </Stream>
        <Stream name="abs_x" type="real" class="local"><Value instant="0">0</Value>
        </Stream>
        <Stream name="abs_y" type="real" class="local"><Value instant="0">0</Value>
        </Stream>
        <Stream name="abs_z" type="real" class="local"><Value instant="0">0</Value>
        </Stream>
      </Node>
      <Node name="kind2_times" line="252" column="116">
        <Stream name="x" type="real" class="input"><Value instant="0">(real 1)</Value>
        </Stream>
        <Stream name="y" type="real" class="input"><Value instant="0">(real 0)</Value>
        </Stream>
        <Stream name="z" type="real" class="output"><Value instant="0">(real 0)</Value>
        </Stream>
        <Stream name="abs_x" type="real" class="local"><Value instant="0">1</Value>
        </Stream>
        <Stream name="abs_y" type="real" class="local"><Value instant="0">0</Value>
        </Stream>
        <Stream name="abs_z" type="real" class="local"><Value instant="0">0</Value>
        </Stream>
      </Node>
      <Node name="kind2_times" line="252" column="14">
        <Stream name="x" type="real" class="input"><Value instant="0">(real 0)</Value>
        </Stream>
        <Stream name="y" type="real" class="input"><Value instant="0">(real 0)</Value>
        </Stream>
        <Stream name="z" type="real" class="output"><Value instant="0">(real 0)</Value>
        </Stream>
        <Stream name="abs_x" type="real" class="local"><Value instant="0">0</Value>
        </Stream>
        <Stream name="abs_y" type="real" class="local"><Value instant="0">0</Value>
        </Stream>
        <Stream name="abs_z" type="real" class="local"><Value instant="0">0</Value>
        </Stream>
      </Node>
      <Node name="kind2_times" line="258" column="85">
        <Stream name="x" type="real" class="input"><Value instant="0">(real 0)</Value>
        </Stream>
        <Stream name="y" type="real" class="input"><Value instant="0">(real 0)</Value>
        </Stream>
        <Stream name="z" type="real" class="output"><Value instant="0">(real 0)</Value>
        </Stream>
        <Stream name="abs_x" type="real" class="local"><Value instant="0">0</Value>
        </Stream>
        <Stream name="abs_y" type="real" class="local"><Value instant="0">0</Value>
        </Stream>
        <Stream name="abs_z" type="real" class="local"><Value instant="0">0</Value>
        </Stream>
      </Node>
      <Node name="kind2_times" line="249" column="218">
        <Stream name="x" type="real" class="input"><Value instant="0">(real 0)</Value>
        </Stream>
        <Stream name="y" type="real" class="input"><Value instant="0">(real 0)</Value>
        </Stream>
        <Stream name="z" type="real" class="output"><Value instant="0">(real 0)</Value>
        </Stream>
        <Stream name="abs_x" type="real" class="local"><Value instant="0">0</Value>
        </Stream>
        <Stream name="abs_y" type="real" class="local"><Value instant="0">0</Value>
        </Stream>
        <Stream name="abs_z" type="real" class="local"><Value instant="0">0</Value>
        </Stream>
      </Node>
      <Node name="kind2_times" line="249" column="116">
        <Stream name="x" type="real" class="input"><Value instant="0">(real 0)</Value>
        </Stream>
        <Stream name="y" type="real" class="input"><Value instant="0">(real 0)</Value>
        </Stream>
        <Stream name="z" type="real" class="output"><Value instant="0">(real 0)</Value>
        </Stream>
        <Stream name="abs_x" type="real" class="local"><Value instant="0">0</Value>
        </Stream>
        <Stream name="abs_y" type="real" class="local"><Value instant="0">0</Value>
        </Stream>
        <Stream name="abs_z" type="real" class="local"><Value instant="0">0</Value>
        </Stream>
      </Node>
      <Node name="Euler1Rotation_newline__lpar_Yaw_rpar__3197_008" line="246" column="382">
        <Stream name="psi_1" type="real" class="input"><Value instant="0">(real 0)</Value>
        </Stream>
        <Stream name="__time_step" type="real" class="input"><Value instant="0">(real 0)</Value>
        </Stream>
        <Stream name="__nb_step" type="int" class="input"><Value instant="0">0</Value>
        </Stream>
        <Stream name="R1_1" type="real" class="output"><Value instant="0">(real 0)</Value>
        </Stream>
        <Stream name="R1_2" type="real" class="output"><Value instant="0">(real 0)</Value>
        </Stream>
        <Stream name="R1_3" type="real" class="output"><Value instant="0">(real 0)</Value>
        </Stream>
        <Stream name="R1_4" type="real" class="output"><Value instant="0">(real 0)</Value>
        </Stream>
        <Stream name="R1_5" type="real" class="output"><Value instant="0">(real 0)</Value>
        </Stream>
        <Stream name="R1_6" type="real" class="output"><Value instant="0">(real 0)</Value>
        </Stream>
        <Stream name="R1_7" type="real" class="output"><Value instant="0">(real 0)</Value>
        </Stream>
        <Stream name="R1_8" type="real" class="output"><Value instant="0">(real 0)</Value>
        </Stream>
        <Stream name="R1_9" type="real" class="output"><Value instant="0">(real 1)</Value>
        </Stream>
        <Stream name="Create3x3Matrix_1" type="real" class="local"><Value instant="0">0</Value>
        </Stream>
        <Stream name="Mux_2" type="real" class="local"><Value instant="0">(real 0)</Value>
        </Stream>
        <Stream name="sincos_2" type="real" class="local"><Value instant="0">0</Value>
        </Stream>
        <Stream name="Mux_1" type="real" class="local"><Value instant="0">(real 0)</Value>
        </Stream>
        <Stream name="sincos_1" type="real" class="local"><Value instant="0">0</Value>
        </Stream>
        <Stream name="Create3x3Matrix_2" type="real" class="local"><Value instant="0">0</Value>
        </Stream>
        <Stream name="Create3x3Matrix_3" type="real" class="local"><Value instant="0">0</Value>
        </Stream>
        <Stream name="Create3x3Matrix_4" type="real" class="local"><Value instant="0">0</Value>
        </Stream>
        <Stream name="Create3x3Matrix_5" type="real" class="local"><Value instant="0">0</Value>
        </Stream>
        <Stream name="Create3x3Matrix_6" type="real" class="local"><Value instant="0">0</Value>
        </Stream>
        <Stream name="Create3x3Matrix_7" type="real" class="local"><Value instant="0">0</Value>
        </Stream>
        <Stream name="Create3x3Matrix_8" type="real" class="local"><Value instant="0">0</Value>
        </Stream>
        <Stream name="Create3x3Matrix_9" type="real" class="local"><Value instant="0">1</Value>
        </Stream>
        <Node name="sin" line="72" column="12">
          <Stream name="x" type="real" class="input"><Value instant="0">(real 0)</Value>
          </Stream>
          <Stream name="y" type="real" class="output"><Value instant="0">(real 0)</Value>
          </Stream>
        </Node>
        <Node name="cos" line="73" column="12">
          <Stream name="x" type="real" class="input"><Value instant="0">(real 0)</Value>
          </Stream>
          <Stream name="y" type="real" class="output"><Value instant="0">(real 0)</Value>
          </Stream>
        </Node>
        <Node name="Create3x3Matrix_3199_008" line="69" column="175">
          <Stream name="M11_1" type="real" class="input"><Value instant="0">(real 0)</Value>
          </Stream>
          <Stream name="M12_1" type="real" class="input"><Value instant="0">(real 0)</Value>
          </Stream>
          <Stream name="M13_1" type="real" class="input"><Value instant="0">(real 0)</Value>
          </Stream>
          <Stream name="M21_1" type="real" class="input"><Value instant="0">(real 0)</Value>
          </Stream>
          <Stream name="M22_1" type="real" class="input"><Value instant="0">(real 0)</Value>
          </Stream>
          <Stream name="M23_1" type="real" class="input"><Value instant="0">(real 0)</Value>
          </Stream>
          <Stream name="M31_1" type="real" class="input"><Value instant="0">(real 0)</Value>
          </Stream>
          <Stream name="M32_1" type="real" class="input"><Value instant="0">(real 0)</Value>
          </Stream>
          <Stream name="M33_1" type="real" class="input"><Value instant="0">(real 1)</Value>
          </Stream>
          <Stream name="__time_step" type="real" class="input"><Value instant="0">(real 0)</Value>
          </Stream>
          <Stream name="__nb_step" type="int" class="input"><Value instant="0">0</Value>
          </Stream>
          <Stream name="Matrix_1" type="real" class="output"><Value instant="0">(real 0)</Value>
          </Stream>
          <Stream name="Matrix_2" type="real" class="output"><Value instant="0">(real 0)</Value>
          </Stream>
          <Stream name="Matrix_3" type="real" class="output"><Value instant="0">(real 0)</Value>
          </Stream>
          <Stream name="Matrix_4" type="real" class="output"><Value instant="0">(real 0)</Value>
          </Stream>
          <Stream name="Matrix_5" type="real" class="output"><Value instant="0">(real 0)</Value>
          </Stream>
          <Stream name="Matrix_6" type="real" class="output"><Value instant="0">(real 0)</Value>
          </Stream>
          <Stream name="Matrix_7" type="real" class="output"><Value instant="0">(real 0)</Value>
          </Stream>
          <Stream name="Matrix_8" type="real" class="output"><Value instant="0">(real 0)</Value>
          </Stream>
          <Stream name="Matrix_9" type="real" class="output"><Value instant="0">(real 1)</Value>
          </Stream>
        </Node>
      </Node>
      <Node name="Euler2Rotation_newline__lpar_Pitch_rpar__3266_008" line="247" column="400">
        <Stream name="theta_1" type="real" class="input"><Value instant="0">(real 0)</Value>
        </Stream>
        <Stream name="__time_step" type="real" class="input"><Value instant="0">(real 0)</Value>
        </Stream>
        <Stream name="__nb_step" type="int" class="input"><Value instant="0">0</Value>
        </Stream>
        <Stream name="R2_1" type="real" class="output"><Value instant="0">(real 0)</Value>
        </Stream>
        <Stream name="R2_2" type="real" class="output"><Value instant="0">(real 0)</Value>
        </Stream>
        <Stream name="R2_3" type="real" class="output"><Value instant="0">(real 0)</Value>
        </Stream>
        <Stream name="R2_4" type="real" class="output"><Value instant="0">(real 0)</Value>
        </Stream>
        <Stream name="R2_5" type="real" class="output"><Value instant="0">(real 1)</Value>
        </Stream>
        <Stream name="R2_6" type="real" class="output"><Value instant="0">(real 0)</Value>
        </Stream>
        <Stream name="R2_7" type="real" class="output"><Value instant="0">(real 0)</Value>
        </Stream>
        <Stream name="R2_8" type="real" class="output"><Value instant="0">(real 0)</Value>
        </Stream>
        <Stream name="R2_9" type="real" class="output"><Value instant="0">(real 0)</Value>
        </Stream>
        <Stream name="Create3x3Matrix_1" type="real" class="local"><Value instant="0">0</Value>
        </Stream>
        <Stream name="Mux_2" type="real" class="local"><Value instant="0">(real 0)</Value>
        </Stream>
        <Stream name="sincos_2" type="real" class="local"><Value instant="0">0</Value>
        </Stream>
        <Stream name="Mux_1" type="real" class="local"><Value instant="0">(real 0)</Value>
        </Stream>
        <Stream name="sincos_1" type="real" class="local"><Value instant="0">0</Value>
        </Stream>
        <Stream name="Create3x3Matrix_2" type="real" class="local"><Value instant="0">0</Value>
        </Stream>
        <Stream name="Create3x3Matrix_3" type="real" class="local"><Value instant="0">0</Value>
        </Stream>
        <Stream name="Create3x3Matrix_4" type="real" class="local"><Value instant="0">0</Value>
        </Stream>
        <Stream name="Create3x3Matrix_5" type="real" class="local"><Value instant="0">1</Value>
        </Stream>
        <Stream name="Create3x3Matrix_6" type="real" class="local"><Value instant="0">0</Value>
        </Stream>
        <Stream name="Create3x3Matrix_7" type="real" class="local"><Value instant="0">0</Value>
        </Stream>
        <Stream name="Create3x3Matrix_8" type="real" class="local"><Value instant="0">0</Value>
        </Stream>
        <Stream name="Create3x3Matrix_9" type="real" class="local"><Value instant="0">0</Value>
        </Stream>
        <Node name="sin" line="123" column="12">
          <Stream name="x" type="real" class="input"><Value instant="0">(real 0)</Value>
          </Stream>
          <Stream name="y" type="real" class="output"><Value instant="0">(real 0)</Value>
          </Stream>
        </Node>
        <Node name="cos" line="124" column="12">
          <Stream name="x" type="real" class="input"><Value instant="0">(real 0)</Value>
          </Stream>
          <Stream name="y" type="real" class="output"><Value instant="0">(real 0)</Value>
          </Stream>
        </Node>
        <Node name="Create3x3Matrix_3268_008" line="120" column="175">
          <Stream name="M11_1" type="real" class="input"><Value instant="0">(real 0)</Value>
          </Stream>
          <Stream name="M12_1" type="real" class="input"><Value instant="0">(real 0)</Value>
          </Stream>
          <Stream name="M13_1" type="real" class="input"><Value instant="0">(real 0)</Value>
          </Stream>
          <Stream name="M21_1" type="real" class="input"><Value instant="0">(real 0)</Value>
          </Stream>
          <Stream name="M22_1" type="real" class="input"><Value instant="0">(real 1)</Value>
          </Stream>
          <Stream name="M23_1" type="real" class="input"><Value instant="0">(real 0)</Value>
          </Stream>
          <Stream name="M31_1" type="real" class="input"><Value instant="0">(real 0)</Value>
          </Stream>
          <Stream name="M32_1" type="real" class="input"><Value instant="0">(real 0)</Value>
          </Stream>
          <Stream name="M33_1" type="real" class="input"><Value instant="0">(real 0)</Value>
          </Stream>
          <Stream name="__time_step" type="real" class="input"><Value instant="0">(real 0)</Value>
          </Stream>
          <Stream name="__nb_step" type="int" class="input"><Value instant="0">0</Value>
          </Stream>
          <Stream name="Matrix_1" type="real" class="output"><Value instant="0">(real 0)</Value>
          </Stream>
          <Stream name="Matrix_2" type="real" class="output"><Value instant="0">(real 0)</Value>
          </Stream>
          <Stream name="Matrix_3" type="real" class="output"><Value instant="0">(real 0)</Value>
          </Stream>
          <Stream name="Matrix_4" type="real" class="output"><Value instant="0">(real 0)</Value>
          </Stream>
          <Stream name="Matrix_5" type="real" class="output"><Value instant="0">(real 1)</Value>
          </Stream>
          <Stream name="Matrix_6" type="real" class="output"><Value instant="0">(real 0)</Value>
          </Stream>
          <Stream name="Matrix_7" type="real" class="output"><Value instant="0">(real 0)</Value>
          </Stream>
          <Stream name="Matrix_8" type="real" class="output"><Value instant="0">(real 0)</Value>
          </Stream>
          <Stream name="Matrix_9" type="real" class="output"><Value instant="0">(real 0)</Value>
          </Stream>
        </Node>
      </Node>
      <Node name="kind2_times" line="249" column="14">
        <Stream name="x" type="real" class="input"><Value instant="0">(real 0)</Value>
        </Stream>
        <Stream name="y" type="real" class="input"><Value instant="0">(real 0)</Value>
        </Stream>
        <Stream name="z" type="real" class="output"><Value instant="0">(real 0)</Value>
        </Stream>
        <Stream name="abs_x" type="real" class="local"><Value instant="0">0</Value>
        </Stream>
        <Stream name="abs_y" type="real" class="local"><Value instant="0">0</Value>
        </Stream>
        <Stream name="abs_z" type="real" class="local"><Value instant="0">0</Value>
        </Stream>
      </Node>
      <Node name="Euler3Rotation_newline__lpar_Roll_rpar__3335_008" line="248" column="391">
        <Stream name="phi_1" type="real" class="input"><Value instant="0">(real 0)</Value>
        </Stream>
        <Stream name="__time_step" type="real" class="input"><Value instant="0">(real 0)</Value>
        </Stream>
        <Stream name="__nb_step" type="int" class="input"><Value instant="0">0</Value>
        </Stream>
        <Stream name="R3_1" type="real" class="output"><Value instant="0">(real 1)</Value>
        </Stream>
        <Stream name="R3_2" type="real" class="output"><Value instant="0">(real 0)</Value>
        </Stream>
        <Stream name="R3_3" type="real" class="output"><Value instant="0">(real 0)</Value>
        </Stream>
        <Stream name="R3_4" type="real" class="output"><Value instant="0">(real 0)</Value>
        </Stream>
        <Stream name="R3_5" type="real" class="output"><Value instant="0">(real 0)</Value>
        </Stream>
        <Stream name="R3_6" type="real" class="output"><Value instant="0">(real 0)</Value>
        </Stream>
        <Stream name="R3_7" type="real" class="output"><Value instant="0">(real 0)</Value>
        </Stream>
        <Stream name="R3_8" type="real" class="output"><Value instant="0">(real 0)</Value>
        </Stream>
        <Stream name="R3_9" type="real" class="output"><Value instant="0">(real 0)</Value>
        </Stream>
        <Stream name="Create3x3Matrix_1" type="real" class="local"><Value instant="0">1</Value>
        </Stream>
        <Stream name="Mux_2" type="real" class="local"><Value instant="0">(real 0)</Value>
        </Stream>
        <Stream name="sincos_2" type="real" class="local"><Value instant="0">0</Value>
        </Stream>
        <Stream name="Mux_1" type="real" class="local"><Value instant="0">(real 0)</Value>
        </Stream>
        <Stream name="sincos_1" type="real" class="local"><Value instant="0">0</Value>
        </Stream>
        <Stream name="Create3x3Matrix_2" type="real" class="local"><Value instant="0">0</Value>
        </Stream>
        <Stream name="Create3x3Matrix_3" type="real" class="local"><Value instant="0">0</Value>
        </Stream>
        <Stream name="Create3x3Matrix_4" type="real" class="local"><Value instant="0">0</Value>
        </Stream>
        <Stream name="Create3x3Matrix_5" type="real" class="local"><Value instant="0">0</Value>
        </Stream>
        <Stream name="Create3x3Matrix_6" type="real" class="local"><Value instant="0">0</Value>
        </Stream>
        <Stream name="Create3x3Matrix_7" type="real" class="local"><Value instant="0">0</Value>
        </Stream>
        <Stream name="Create3x3Matrix_8" type="real" class="local"><Value instant="0">0</Value>
        </Stream>
        <Stream name="Create3x3Matrix_9" type="real" class="local"><Value instant="0">0</Value>
        </Stream>
        <Node name="sin" line="174" column="12">
          <Stream name="x" type="real" class="input"><Value instant="0">(real 0)</Value>
          </Stream>
          <Stream name="y" type="real" class="output"><Value instant="0">(real 0)</Value>
          </Stream>
        </Node>
        <Node name="cos" line="175" column="12">
          <Stream name="x" type="real" class="input"><Value instant="0">(real 0)</Value>
          </Stream>
          <Stream name="y" type="real" class="output"><Value instant="0">(real 0)</Value>
          </Stream>
        </Node>
        <Node name="Create3x3Matrix_3337_008" line="171" column="175">
          <Stream name="M11_1" type="real" class="input"><Value instant="0">(real 1)</Value>
          </Stream>
          <Stream name="M12_1" type="real" class="input"><Value instant="0">(real 0)</Value>
          </Stream>
          <Stream name="M13_1" type="real" class="input"><Value instant="0">(real 0)</Value>
          </Stream>
          <Stream name="M21_1" type="real" class="input"><Value instant="0">(real 0)</Value>
          </Stream>
          <Stream name="M22_1" type="real" class="input"><Value instant="0">(real 0)</Value>
          </Stream>
          <Stream name="M23_1" type="real" class="input"><Value instant="0">(real 0)</Value>
          </Stream>
          <Stream name="M31_1" type="real" class="input"><Value instant="0">(real 0)</Value>
          </Stream>
          <Stream name="M32_1" type="real" class="input"><Value instant="0">(real 0)</Value>
          </Stream>
          <Stream name="M33_1" type="real" class="input"><Value instant="0">(real 0)</Value>
          </Stream>
          <Stream name="__time_step" type="real" class="input"><Value instant="0">(real 0)</Value>
          </Stream>
          <Stream name="__nb_step" type="int" class="input"><Value instant="0">0</Value>
          </Stream>
          <Stream name="Matrix_1" type="real" class="output"><Value instant="0">(real 1)</Value>
          </Stream>
          <Stream name="Matrix_2" type="real" class="output"><Value instant="0">(real 0)</Value>
          </Stream>
          <Stream name="Matrix_3" type="real" class="output"><Value instant="0">(real 0)</Value>
          </Stream>
          <Stream name="Matrix_4" type="real" class="output"><Value instant="0">(real 0)</Value>
          </Stream>
          <Stream name="Matrix_5" type="real" class="output"><Value instant="0">(real 0)</Value>
          </Stream>
          <Stream name="Matrix_6" type="real" class="output"><Value instant="0">(real 0)</Value>
          </Stream>
          <Stream name="Matrix_7" type="real" class="output"><Value instant="0">(real 0)</Value>
          </Stream>
          <Stream name="Matrix_8" type="real" class="output"><Value instant="0">(real 0)</Value>
          </Stream>
          <Stream name="Matrix_9" type="real" class="output"><Value instant="0">(real 0)</Value>
          </Stream>
        </Node>
      </Node>
      <Node name="kind2_times" line="258" column="15">
        <Stream name="x" type="real" class="input"><Value instant="0">(real 1)</Value>
        </Stream>
        <Stream name="y" type="real" class="input"><Value instant="0">(real 0)</Value>
        </Stream>
        <Stream name="z" type="real" class="output"><Value instant="0">(real 0)</Value>
        </Stream>
        <Stream name="abs_x" type="real" class="local"><Value instant="0">1</Value>
        </Stream>
        <Stream name="abs_y" type="real" class="local"><Value instant="0">0</Value>
        </Stream>
        <Stream name="abs_z" type="real" class="local"><Value instant="0">0</Value>
        </Stream>
      </Node>
      <Node name="kind2_times" line="216" column="74">
        <Stream name="x" type="real" class="input"><Value instant="0">(real 1)</Value>
        </Stream>
        <Stream name="y" type="real" class="input"><Value instant="0">(real 0)</Value>
        </Stream>
        <Stream name="z" type="real" class="output"><Value instant="0">(real 0)</Value>
        </Stream>
        <Stream name="abs_x" type="real" class="local"><Value instant="0">1</Value>
        </Stream>
        <Stream name="abs_y" type="real" class="local"><Value instant="0">0</Value>
        </Stream>
        <Stream name="abs_z" type="real" class="local"><Value instant="0">0</Value>
        </Stream>
      </Node>
      <Node name="kind2_times" line="216" column="62">
        <Stream name="x" type="real" class="input"><Value instant="0">(real 0)</Value>
        </Stream>
        <Stream name="y" type="real" class="input"><Value instant="0">(real 0)</Value>
        </Stream>
        <Stream name="z" type="real" class="output"><Value instant="0">(real 0)</Value>
        </Stream>
        <Stream name="abs_x" type="real" class="local"><Value instant="0">0</Value>
        </Stream>
        <Stream name="abs_y" type="real" class="local"><Value instant="0">0</Value>
        </Stream>
        <Stream name="abs_z" type="real" class="local"><Value instant="0">0</Value>
        </Stream>
      </Node>
      <Node name="EUL007_3425_008" line="216" column="23">
        <Stream name="In1_1" type="bool" class="input"><Value instant="0">false</Value>
        </Stream>
        <Stream name="__time_step" type="real" class="input"><Value instant="0">(real 0)</Value>
        </Stream>
        <Stream name="__nb_step" type="int" class="input"><Value instant="0">0</Value>
        </Stream>
        <Stream name="guarantee_1" type="bool" class="output"><Value instant="0">false</Value>
        </Stream>
      </Node>
    </Node>
  </CounterExample>
</Property>

<AnalysisStop/>

<Log class="note" source="parse">System euler321_I2B_12B_with_contracts_EUL007_PP has no property, skipping verification step.</Log>


</Results>
