<?xml version="1.0"?>
<Results xmlns:xsi="http://www.w3.org/2001/XMLSchema-instance" enabled="bmc,ind,ind2,ic3,invgents,invgenos,invgenintos,invgenintos" timeout="7200.000000" bmc_max="0" compositional="true" modular="true">


<Log class="info" source="parse">kind2 v1.1.0</Log>
<Log class="warn" source="parse" line="100" column="3">Unguarded pre in expression (pre yout_1)</Log>
<Log class="warn" source="parse" line="103" column="3">Unguarded pre in expression (pre yout_2)</Log>
<Log class="warn" source="parse" line="106" column="3">Unguarded pre in expression (pre yout_3)</Log>
<Log class="warn" source="parse" line="138" column="3">Unguarded pre in expression (pre yout_1)</Log>
<Log class="warn" source="parse" line="141" column="3">Unguarded pre in expression (pre yout_2)</Log>
<Log class="warn" source="parse" line="144" column="3">Unguarded pre in expression (pre yout_3)</Log>
<Log class="warn" source="parse" line="327" column="3">Unguarded pre in expression (pre yout_1)</Log>
<Log class="warn" source="parse" line="330" column="3">Unguarded pre in expression (pre yout_2)</Log>
<Log class="warn" source="parse" line="333" column="3">Unguarded pre in expression (pre yout_3)</Log>
<Log class="warn" source="parse" line="336" column="3">Unguarded pre in expression (pre r1_1)</Log>
<Log class="warn" source="parse" line="339" column="3">Unguarded pre in expression (pre r1_2)</Log>
<Log class="warn" source="parse" line="342" column="3">Unguarded pre in expression (pre r1_3)</Log>
<Log class="warn" source="parse" line="345" column="3">Unguarded pre in expression (pre r2_1)</Log>
<Log class="warn" source="parse" line="348" column="3">Unguarded pre in expression (pre r2_2)</Log>
<Log class="warn" source="parse" line="351" column="3">Unguarded pre in expression (pre r2_3)</Log>
<Log class="warn" source="parse" line="354" column="3">Unguarded pre in expression (pre Xap1_1)</Log>
<Log class="warn" source="parse" line="357" column="3">Unguarded pre in expression (pre Xap1_2)</Log>
<Log class="warn" source="parse" line="360" column="3">Unguarded pre in expression (pre Xap1_3)</Log>
<Log class="warn" source="parse" line="363" column="3">Unguarded pre in expression (pre Xap2_1)</Log>
<Log class="warn" source="parse" line="366" column="3">Unguarded pre in expression (pre Xap2_2)</Log>
<Log class="warn" source="parse" line="369" column="3">Unguarded pre in expression (pre Xap2_3)</Log>
<Log class="warn" source="parse" line="401" column="3">Unguarded pre in expression (pre yout_1)</Log>
<Log class="warn" source="parse" line="404" column="3">Unguarded pre in expression (pre yout_2)</Log>
<Log class="warn" source="parse" line="407" column="3">Unguarded pre in expression (pre yout_3)</Log>
<Log class="warn" source="parse" line="439" column="3">Unguarded pre in expression (pre yout_1)</Log>
<Log class="warn" source="parse" line="442" column="3">Unguarded pre in expression (pre yout_2)</Log>
<Log class="warn" source="parse" line="445" column="3">Unguarded pre in expression (pre yout_3)</Log>
<Log class="warn" source="parse" line="621" column="3">Unguarded pre in expression (pre yout_1)</Log>
<Log class="warn" source="parse" line="624" column="3">Unguarded pre in expression (pre yout_2)</Log>
<Log class="warn" source="parse" line="627" column="3">Unguarded pre in expression (pre yout_3)</Log>
<Log class="warn" source="parse" line="630" column="3">Unguarded pre in expression (pre r1_1)</Log>
<Log class="warn" source="parse" line="633" column="3">Unguarded pre in expression (pre r1_2)</Log>
<Log class="warn" source="parse" line="636" column="3">Unguarded pre in expression (pre r1_3)</Log>
<Log class="warn" source="parse" line="639" column="3">Unguarded pre in expression (pre r2_1)</Log>
<Log class="warn" source="parse" line="642" column="3">Unguarded pre in expression (pre r2_2)</Log>
<Log class="warn" source="parse" line="645" column="3">Unguarded pre in expression (pre r2_3)</Log>
<Log class="warn" source="parse" line="648" column="3">Unguarded pre in expression (pre Xap1_1)</Log>
<Log class="warn" source="parse" line="651" column="3">Unguarded pre in expression (pre Xap1_2)</Log>
<Log class="warn" source="parse" line="654" column="3">Unguarded pre in expression (pre Xap1_3)</Log>
<Log class="warn" source="parse" line="657" column="3">Unguarded pre in expression (pre Xap2_1)</Log>
<Log class="warn" source="parse" line="660" column="3">Unguarded pre in expression (pre Xap2_2)</Log>
<Log class="warn" source="parse" line="663" column="3">Unguarded pre in expression (pre Xap2_3)</Log>
<Log class="note" source="parse">System sqrt_lookup_0_10000 has no property, skipping verification step.</Log>
<Log class="note" source="parse">System sqrt has no property, skipping verification step.</Log>
<Log class="note" source="parse">System kind2_times has no property, skipping verification step.</Log>
<Log class="note" source="parse">System norm2_639_002 has no property, skipping verification step.</Log>
<Log class="note" source="parse">System norm1_629_002 has no property, skipping verification step.</Log>
<Log class="note" source="parse">System kind2_divide has no property, skipping verification step.</Log>
<Log class="note" source="parse">System r_computation_458_001 has no property, skipping verification step.</Log>
<Log class="note" source="parse">System Subsystem2_427_001 has no property, skipping verification step.</Log>
<Log class="note" source="parse">System Subsystem1_405_001 has no property, skipping verification step.</Log>
<Log class="note" source="parse">System cross_400_001 has no property, skipping verification step.</Log>
<Log class="note" source="parse">System CW_333_001 has no property, skipping verification step.</Log>
<Log class="note" source="parse">System CW_333_001_condExecSS has no property, skipping verification step.</Log>
<Log class="note" source="parse">System CCW_328_001 has no property, skipping verification step.</Log>
<Log class="note" source="parse">System CCW_328_001_condExecSS has no property, skipping verification step.</Log>
<Log class="note" source="parse">System Outer_316_001 has no property, skipping verification step.</Log>
<Log class="note" source="parse">System Outer_316_001_condExecSS has no property, skipping verification step.</Log>
<Log class="note" source="parse">System norm1_247_001 has no property, skipping verification step.</Log>
<Log class="note" source="parse">System norm_237_001 has no property, skipping verification step.</Log>
<Log class="note" source="parse">System Arg2_139_001 has no property, skipping verification step.</Log>
<Log class="note" source="parse">System Arg1_70_001 has no property, skipping verification step.</Log>
<Log class="note" source="parse">System Act2_65_001 has no property, skipping verification step.</Log>
<Log class="note" source="parse">System Act2_65_001_condExecSS has no property, skipping verification step.</Log>
<Log class="note" source="parse">System Act1_60_001 has no property, skipping verification step.</Log>
<Log class="note" source="parse">System Act1_60_001_condExecSS has no property, skipping verification step.</Log>
<Log class="note" source="parse">System Inner_53_001 has no property, skipping verification step.</Log>
<Log class="note" source="parse">System Inner_53_001_condExecSS has no property, skipping verification step.</Log>
<Log class="note" source="parse">System DotProduct_1148_002 has no property, skipping verification step.</Log>
<Log class="note" source="parse">System DotProduct_807_002 has no property, skipping verification step.</Log>
<Log class="note" source="parse">System Compare_newline_ToZero_806_002 has no property, skipping verification step.</Log>
<Log class="note" source="parse">System NLG004_803_002 has no property, skipping verification step.</Log>
<Log class="note" source="parse">System norm2_847_002 has no property, skipping verification step.</Log>
<Log class="note" source="parse">System norm1_837_002 has no property, skipping verification step.</Log>
<Log class="note" source="parse">System norm_827_002 has no property, skipping verification step.</Log>
<Log class="note" source="parse">System Implies_821_002 has no property, skipping verification step.</Log>
<Log class="note" source="parse">System NLG005_813_002 has no property, skipping verification step.</Log>
<Log class="note" source="parse">System Compare_newline_ToZero_955_002 has no property, skipping verification step.</Log>
<Log class="note" source="parse">System assumeXrnotnull_953_002 has no property, skipping verification step.</Log>
<Log class="note" source="parse">System Compare_newline_ToZero_947_002 has no property, skipping verification step.</Log>
<Log class="note" source="parse">System assumeVvnotnull_945_002 has no property, skipping verification step.</Log>
<Log class="note" source="parse">System Compare_newline_ToZero_935_002 has no property, skipping verification step.</Log>
<Log class="note" source="parse">System NLG_001_932_002 has no property, skipping verification step.</Log>
<Log class="note" source="parse">System Compare_newline_ToZero_923_002 has no property, skipping verification step.</Log>
<Log class="note" source="parse">System NLG007_920_002 has no property, skipping verification step.</Log>
<Log class="note" source="parse">System norm1_895_002 has no property, skipping verification step.</Log>
<Log class="note" source="parse">System norm_885_002 has no property, skipping verification step.</Log>
<Log class="note" source="parse">System NLG006_874_002 has no property, skipping verification step.</Log>
<Log class="note" source="parse">System norm1_777_002 has no property, skipping verification step.</Log>
<Log class="note" source="parse">System DotProduct_772_002 has no property, skipping verification step.</Log>
<Log class="note" source="parse">System Compare_newline_ToZero_771_002 has no property, skipping verification step.</Log>
<Log class="note" source="parse">System NLG002_NLG003_766_002 has no property, skipping verification step.</Log>


<AnalysisStart top="NLGuidance_7_001" concrete="sqrt_lookup_0_10000,sqrt,r_computation_458_001,norm_885_002,norm_827_002,norm_237_001,norm2_847_002,norm2_639_002,norm1_895_002,norm1_837_002,norm1_777_002,norm1_629_002,norm1_247_001,kind2_times,kind2_divide,cross_400_001,assumeXrnotnull_953_002,assumeVvnotnull_945_002,Subsystem2_427_001,Subsystem1_405_001,Outer_316_001_condExecSS,Outer_316_001,NLG_001_932_002,NLG007_920_002,NLG006_874_002,NLG005_813_002,NLG004_803_002,NLG002_NLG003_766_002,Inner_53_001_condExecSS,Inner_53_001,Implies_821_002,DotProduct_807_002,DotProduct_772_002,DotProduct_1148_002,Compare_newline_ToZero_955_002,Compare_newline_ToZero_947_002,Compare_newline_ToZero_935_002,Compare_newline_ToZero_923_002,Compare_newline_ToZero_806_002,Compare_newline_ToZero_771_002,CW_333_001_condExecSS,CW_333_001,CCW_328_001_condExecSS,CCW_328_001,Arg2_139_001,Arg1_70_001,Act2_65_001_condExecSS,Act2_65_001,Act1_60_001_condExecSS,Act1_60_001" abstract="" assumptions="(NLG002_NLG003_766_002,1)"/>

<Log class="warn" source="parse">In inductive step: Yices 2 does not support check-sat-assuming with non-linear models. Disabling check_sat_assume.</Log>
<Log class="warn" source="parse">Disabling IC3: Yices 2 does not support unsat-cores with non-linear models.</Log>
<Log class="warn" source="parse">In 2-induction: Yices 2 does not support check-sat-assuming with non-linear models. Disabling check_sat_assume.</Log>
<Log class="warn" source="parse">In bounded model checking: Yices 2 does not support check-sat-assuming with non-linear models. Disabling check_sat_assume.</Log>
<Log class="warn" source="parse">In one state invariant generator (int): Yices 2 does not support check-sat-assuming with non-linear models. Disabling check_sat_assume.</Log>
<Log class="warn" source="parse">In two state invariant generator (bool): Yices 2 does not support check-sat-assuming with non-linear models. Disabling check_sat_assume.</Log>
<Log class="warn" source="parse">In one state invariant generator (bool): Yices 2 does not support check-sat-assuming with non-linear models. Disabling check_sat_assume.</Log>
<Log class="warn" source="parse">[graph splitting] Some classes were split during relation stabilization.                   This should not be possible.</Log>
<Log class="warn" source="parse">In one state invariant generator (real): Yices 2 does not support check-sat-assuming with non-linear models. Disabling check_sat_assume.</Log>
<Property name="contract_733_002[l1096c1].NLG002_NLG003_766_002[1]" line="1062" column="1" scope="NLGuidance_7_001"><Answer>unknown</Answer></Property>
<Property name="contract_733_002[l1096c1].NLG004_803_002[2]" line="1064" column="1" scope="NLGuidance_7_001"><Answer>unknown</Answer></Property>
<Property name="contract_733_002[l1096c1].NLG005_813_002[3]" line="1066" column="1" scope="NLGuidance_7_001"><Answer>unknown</Answer></Property>
<Property name="contract_733_002[l1096c1].NLG006_874_002[4]" line="1068" column="1" scope="NLGuidance_7_001"><Answer>unknown</Answer></Property>
<Property name="contract_733_002[l1096c1].NLG007_920_002[5]" line="1070" column="1" scope="NLGuidance_7_001"><Answer>unknown</Answer></Property>
<Property name="contract_733_002[l1096c1].NLG_001_932_002[6]" line="1072" column="1" scope="NLGuidance_7_001"><Answer>unknown</Answer></Property>
<Log class="fatal" source="parse">Wallclock timeout.</Log>
<AnalysisStop/>



</Results>
