{"NLGuidanceSpec":{"contract_name":"NLGuidanceSpec","model_path":"NLGuidance_12B","Inputs":[{"variable_name":"Vt","variable_path":"NLGuidance_12B/Vt"},{"variable_name":"Vv","variable_path":"NLGuidance_12B/Vv"},{"variable_name":"Xtarg","variable_path":"NLGuidance_12B/Xtarg"},{"variable_name":"Xv","variable_path":"NLGuidance_12B/Xv"},{"variable_name":"r","variable_path":"NLGuidance_12B/r"}],"Outputs":[{"variable_name":"Xap1","variable_path":"NLGuidance_12B/Xap1"},{"variable_name":"Xap2","variable_path":"NLGuidance_12B/Xap2"},{"variable_name":"r1","variable_path":"NLGuidance_12B/r1"},{"variable_name":"r2","variable_path":"NLGuidance_12B/r2"},{"variable_name":"yout","variable_path":"NLGuidance_12B/yout"}]}}