[{"file_path":"/Users/hbourbou/Documents/babelfish/cocosim_tests/lm_challenges/4_nlguide/NLGuidance_12B.mdl","date":"01-Nov-2019","Declarations":{"Enumerations":[]}},{"id":"NLGuidance_12B/Xtarg","project":"","modeldoc":true,"variable_name":"Xtarg","portType":"Inport","component_name":"NLGuidance_12B","tool":"Simulink","dataType":["double"],"dimensions":[1,3],"width":3},{"id":"NLGuidance_12B/Xv","project":"","modeldoc":true,"variable_name":"Xv","portType":"Inport","component_name":"NLGuidance_12B","tool":"Simulink","dataType":["double"],"dimensions":[1,3],"width":3},{"id":"NLGuidance_12B/Vv","project":"","modeldoc":true,"variable_name":"Vv","portType":"Inport","component_name":"NLGuidance_12B","tool":"Simulink","dataType":["double"],"dimensions":[1,3],"width":3},{"id":"NLGuidance_12B/r","project":"","modeldoc":true,"variable_name":"r","portType":"Inport","component_name":"NLGuidance_12B","tool":"Simulink","dataType":["double"],"dimensions":[1,1],"width":1},{"id":"NLGuidance_12B/Vt","project":"","modeldoc":true,"variable_name":"Vt","portType":"Inport","component_name":"NLGuidance_12B","tool":"Simulink","dataType":["double"],"dimensions":[1,3],"width":3},{"id":"NLGuidance_12B/NLGuidance/Xtarg","project":"","modeldoc":true,"variable_name":"Xtarg","portType":"Inport","component_name":"NLGuidance_12B/NLGuidance","tool":"Simulink","dataType":["double"],"dimensions":[1,3],"width":3},{"id":"NLGuidance_12B/NLGuidance/Xv","project":"","modeldoc":true,"variable_name":"Xv","portType":"Inport","component_name":"NLGuidance_12B/NLGuidance","tool":"Simulink","dataType":["double"],"dimensions":[1,3],"width":3},{"id":"NLGuidance_12B/NLGuidance/Vv","project":"","modeldoc":true,"variable_name":"Vv","portType":"Inport","component_name":"NLGuidance_12B/NLGuidance","tool":"Simulink","dataType":["double"],"dimensions":[1,3],"width":3},{"id":"NLGuidance_12B/NLGuidance/r","project":"","modeldoc":true,"variable_name":"r","portType":"Inport","component_name":"NLGuidance_12B/NLGuidance","tool":"Simulink","dataType":["double"],"dimensions":[1,1],"width":1},{"id":"NLGuidance_12B/NLGuidance/Vt","project":"","modeldoc":true,"variable_name":"Vt","portType":"Inport","component_name":"NLGuidance_12B/NLGuidance","tool":"Simulink","dataType":["double"],"dimensions":[1,3],"width":3},{"id":"NLGuidance_12B/NLGuidance/Inner/r","project":"","modeldoc":true,"variable_name":"r","portType":"Inport","component_name":"NLGuidance_12B/NLGuidance/Inner","tool":"Simulink","dataType":["double"],"dimensions":[1,1],"width":1},{"id":"NLGuidance_12B/NLGuidance/Inner/XrMag","project":"","modeldoc":true,"variable_name":"XrMag","portType":"Inport","component_name":"NLGuidance_12B/NLGuidance/Inner","tool":"Simulink","dataType":["double"],"dimensions":[1,1],"width":1},{"id":"NLGuidance_12B/NLGuidance/Inner/Xr","project":"","modeldoc":true,"variable_name":"Xr","portType":"Inport","component_name":"NLGuidance_12B/NLGuidance/Inner","tool":"Simulink","dataType":["double"],"dimensions":[1,3],"width":3},{"id":"NLGuidance_12B/NLGuidance/Inner/Xtarg","project":"","modeldoc":true,"variable_name":"Xtarg","portType":"Inport","component_name":"NLGuidance_12B/NLGuidance/Inner","tool":"Simulink","dataType":["double"],"dimensions":[1,3],"width":3},{"id":"NLGuidance_12B/NLGuidance/Inner/Xv","project":"","modeldoc":true,"variable_name":"Xv","portType":"Inport","component_name":"NLGuidance_12B/NLGuidance/Inner","tool":"Simulink","dataType":["double"],"dimensions":[1,3],"width":3},{"id":"NLGuidance_12B/NLGuidance/Inner/Act1/cmd1","project":"","modeldoc":true,"variable_name":"cmd1","portType":"Inport","component_name":"NLGuidance_12B/NLGuidance/Inner/Act1","tool":"Simulink","dataType":["double"],"dimensions":[1,3],"width":3},{"id":"NLGuidance_12B/NLGuidance/Inner/Act1/yout","project":"","modeldoc":true,"variable_name":"yout","portType":"Outport","component_name":"NLGuidance_12B/NLGuidance/Inner/Act1","tool":"Simulink","dataType":["double"],"dimensions":[1,3],"width":3},{"id":"NLGuidance_12B/NLGuidance/Inner/Act2/cmd2","project":"","modeldoc":true,"variable_name":"cmd2","portType":"Inport","component_name":"NLGuidance_12B/NLGuidance/Inner/Act2","tool":"Simulink","dataType":["double"],"dimensions":[1,3],"width":3},{"id":"NLGuidance_12B/NLGuidance/Inner/Act2/yout","project":"","modeldoc":true,"variable_name":"yout","portType":"Outport","component_name":"NLGuidance_12B/NLGuidance/Inner/Act2","tool":"Simulink","dataType":["double"],"dimensions":[1,3],"width":3},{"id":"NLGuidance_12B/NLGuidance/Inner/Arg1/k","project":"","modeldoc":true,"variable_name":"k","portType":"Inport","component_name":"NLGuidance_12B/NLGuidance/Inner/Arg1","tool":"Simulink","dataType":["double"],"dimensions":[1,1],"width":1},{"id":"NLGuidance_12B/NLGuidance/Inner/Arg1/Xr","project":"","modeldoc":true,"variable_name":"Xr","portType":"Inport","component_name":"NLGuidance_12B/NLGuidance/Inner/Arg1","tool":"Simulink","dataType":["double"],"dimensions":[1,3],"width":3},{"id":"NLGuidance_12B/NLGuidance/Inner/Arg1/Xtarg","project":"","modeldoc":true,"variable_name":"Xtarg","portType":"Inport","component_name":"NLGuidance_12B/NLGuidance/Inner/Arg1","tool":"Simulink","dataType":["double"],"dimensions":[1,3],"width":3},{"id":"NLGuidance_12B/NLGuidance/Inner/Arg1/Xv","project":"","modeldoc":true,"variable_name":"Xv","portType":"Inport","component_name":"NLGuidance_12B/NLGuidance/Inner/Arg1","tool":"Simulink","dataType":["double"],"dimensions":[1,3],"width":3},{"id":"NLGuidance_12B/NLGuidance/Inner/Arg1/Out","project":"","modeldoc":true,"variable_name":"Out","portType":"Outport","component_name":"NLGuidance_12B/NLGuidance/Inner/Arg1","tool":"Simulink","dataType":["double"],"dimensions":[1,3],"width":3},{"id":"NLGuidance_12B/NLGuidance/Inner/Arg1/cmd1","project":"","modeldoc":true,"variable_name":"cmd1","portType":"Outport","component_name":"NLGuidance_12B/NLGuidance/Inner/Arg1","tool":"Simulink","dataType":["double"],"dimensions":[1,3],"width":3},{"id":"NLGuidance_12B/NLGuidance/Inner/Arg2/nk","project":"","modeldoc":true,"variable_name":"nk","portType":"Inport","component_name":"NLGuidance_12B/NLGuidance/Inner/Arg2","tool":"Simulink","dataType":["double"],"dimensions":[1,1],"width":1},{"id":"NLGuidance_12B/NLGuidance/Inner/Arg2/Xr","project":"","modeldoc":true,"variable_name":"Xr","portType":"Inport","component_name":"NLGuidance_12B/NLGuidance/Inner/Arg2","tool":"Simulink","dataType":["double"],"dimensions":[1,3],"width":3},{"id":"NLGuidance_12B/NLGuidance/Inner/Arg2/Xtarg","project":"","modeldoc":true,"variable_name":"Xtarg","portType":"Inport","component_name":"NLGuidance_12B/NLGuidance/Inner/Arg2","tool":"Simulink","dataType":["double"],"dimensions":[1,3],"width":3},{"id":"NLGuidance_12B/NLGuidance/Inner/Arg2/Xv","project":"","modeldoc":true,"variable_name":"Xv","portType":"Inport","component_name":"NLGuidance_12B/NLGuidance/Inner/Arg2","tool":"Simulink","dataType":["double"],"dimensions":[1,3],"width":3},{"id":"NLGuidance_12B/NLGuidance/Inner/Arg2/Out","project":"","modeldoc":true,"variable_name":"Out","portType":"Outport","component_name":"NLGuidance_12B/NLGuidance/Inner/Arg2","tool":"Simulink","dataType":["double"],"dimensions":[1,3],"width":3},{"id":"NLGuidance_12B/NLGuidance/Inner/Arg2/cmd2","project":"","modeldoc":true,"variable_name":"cmd2","portType":"Outport","component_name":"NLGuidance_12B/NLGuidance/Inner/Arg2","tool":"Simulink","dataType":["double"],"dimensions":[1,3],"width":3},{"id":"NLGuidance_12B/NLGuidance/Inner/norm/In","project":"","modeldoc":true,"variable_name":"In","portType":"Inport","component_name":"NLGuidance_12B/NLGuidance/Inner/norm","tool":"Simulink","dataType":["double"],"dimensions":[1,3],"width":3},{"id":"NLGuidance_12B/NLGuidance/Inner/norm/Out","project":"","modeldoc":true,"variable_name":"Out","portType":"Outport","component_name":"NLGuidance_12B/NLGuidance/Inner/norm","tool":"Simulink","dataType":["double"],"dimensions":[1,1],"width":1},{"id":"NLGuidance_12B/NLGuidance/Inner/norm1/In","project":"","modeldoc":true,"variable_name":"In","portType":"Inport","component_name":"NLGuidance_12B/NLGuidance/Inner/norm1","tool":"Simulink","dataType":["double"],"dimensions":[1,3],"width":3},{"id":"NLGuidance_12B/NLGuidance/Inner/norm1/Out","project":"","modeldoc":true,"variable_name":"Out","portType":"Outport","component_name":"NLGuidance_12B/NLGuidance/Inner/norm1","tool":"Simulink","dataType":["double"],"dimensions":[1,1],"width":1},{"id":"NLGuidance_12B/NLGuidance/Inner/yout","project":"","modeldoc":true,"variable_name":"yout","portType":"Outport","component_name":"NLGuidance_12B/NLGuidance/Inner","tool":"Simulink","dataType":["double"],"dimensions":[1,3],"width":3},{"id":"NLGuidance_12B/NLGuidance/Inner/r1","project":"","modeldoc":true,"variable_name":"r1","portType":"Outport","component_name":"NLGuidance_12B/NLGuidance/Inner","tool":"Simulink","dataType":["double"],"dimensions":[1,3],"width":3},{"id":"NLGuidance_12B/NLGuidance/Inner/r2","project":"","modeldoc":true,"variable_name":"r2","portType":"Outport","component_name":"NLGuidance_12B/NLGuidance/Inner","tool":"Simulink","dataType":["double"],"dimensions":[1,3],"width":3},{"id":"NLGuidance_12B/NLGuidance/Inner/Xap1","project":"","modeldoc":true,"variable_name":"Xap1","portType":"Outport","component_name":"NLGuidance_12B/NLGuidance/Inner","tool":"Simulink","dataType":["double"],"dimensions":[1,3],"width":3},{"id":"NLGuidance_12B/NLGuidance/Inner/Xap2","project":"","modeldoc":true,"variable_name":"Xap2","portType":"Outport","component_name":"NLGuidance_12B/NLGuidance/Inner","tool":"Simulink","dataType":["double"],"dimensions":[1,3],"width":3},{"id":"NLGuidance_12B/NLGuidance/Outer/r","project":"","modeldoc":true,"variable_name":"r","portType":"Inport","component_name":"NLGuidance_12B/NLGuidance/Outer","tool":"Simulink","dataType":["double"],"dimensions":[1,1],"width":1},{"id":"NLGuidance_12B/NLGuidance/Outer/XrMag","project":"","modeldoc":true,"variable_name":"XrMag","portType":"Inport","component_name":"NLGuidance_12B/NLGuidance/Outer","tool":"Simulink","dataType":["double"],"dimensions":[1,1],"width":1},{"id":"NLGuidance_12B/NLGuidance/Outer/Xr","project":"","modeldoc":true,"variable_name":"Xr","portType":"Inport","component_name":"NLGuidance_12B/NLGuidance/Outer","tool":"Simulink","dataType":["double"],"dimensions":[1,3],"width":3},{"id":"NLGuidance_12B/NLGuidance/Outer/Xtarg","project":"","modeldoc":true,"variable_name":"Xtarg","portType":"Inport","component_name":"NLGuidance_12B/NLGuidance/Outer","tool":"Simulink","dataType":["double"],"dimensions":[1,3],"width":3},{"id":"NLGuidance_12B/NLGuidance/Outer/Xv","project":"","modeldoc":true,"variable_name":"Xv","portType":"Inport","component_name":"NLGuidance_12B/NLGuidance/Outer","tool":"Simulink","dataType":["double"],"dimensions":[1,3],"width":3},{"id":"NLGuidance_12B/NLGuidance/Outer/VvMag","project":"","modeldoc":true,"variable_name":"VvMag","portType":"Inport","component_name":"NLGuidance_12B/NLGuidance/Outer","tool":"Simulink","dataType":["double"],"dimensions":[1,1],"width":1},{"id":"NLGuidance_12B/NLGuidance/Outer/cnum","project":"","modeldoc":true,"variable_name":"cnum","portType":"Inport","component_name":"NLGuidance_12B/NLGuidance/Outer","tool":"Simulink","dataType":["double"],"dimensions":[1,1],"width":1},{"id":"NLGuidance_12B/NLGuidance/Outer/cden","project":"","modeldoc":true,"variable_name":"cden","portType":"Inport","component_name":"NLGuidance_12B/NLGuidance/Outer","tool":"Simulink","dataType":["double"],"dimensions":[1,1],"width":1},{"id":"NLGuidance_12B/NLGuidance/Outer/XrDotVv","project":"","modeldoc":true,"variable_name":"XrDotVv","portType":"Inport","component_name":"NLGuidance_12B/NLGuidance/Outer","tool":"Simulink","dataType":["double"],"dimensions":[1,1],"width":1},{"id":"NLGuidance_12B/NLGuidance/Outer/Vv","project":"","modeldoc":true,"variable_name":"Vv","portType":"Inport","component_name":"NLGuidance_12B/NLGuidance/Outer","tool":"Simulink","dataType":["double"],"dimensions":[1,3],"width":3},{"id":"NLGuidance_12B/NLGuidance/Outer/CCW/Xap1","project":"","modeldoc":true,"variable_name":"Xap1","portType":"Inport","component_name":"NLGuidance_12B/NLGuidance/Outer/CCW","tool":"Simulink","dataType":["double"],"dimensions":[1,3],"width":3},{"id":"NLGuidance_12B/NLGuidance/Outer/CCW/yout","project":"","modeldoc":true,"variable_name":"yout","portType":"Outport","component_name":"NLGuidance_12B/NLGuidance/Outer/CCW","tool":"Simulink","dataType":["double"],"dimensions":[1,3],"width":3},{"id":"NLGuidance_12B/NLGuidance/Outer/CW/Xap1","project":"","modeldoc":true,"variable_name":"Xap1","portType":"Inport","component_name":"NLGuidance_12B/NLGuidance/Outer/CW","tool":"Simulink","dataType":["double"],"dimensions":[1,3],"width":3},{"id":"NLGuidance_12B/NLGuidance/Outer/CW/yout","project":"","modeldoc":true,"variable_name":"yout","portType":"Outport","component_name":"NLGuidance_12B/NLGuidance/Outer/CW","tool":"Simulink","dataType":["double"],"dimensions":[1,3],"width":3},{"id":"NLGuidance_12B/NLGuidance/Outer/cross/A","project":"","modeldoc":true,"variable_name":"A","portType":"Inport","component_name":"NLGuidance_12B/NLGuidance/Outer/cross","tool":"Simulink","dataType":["double"],"dimensions":[1,3],"width":3},{"id":"NLGuidance_12B/NLGuidance/Outer/cross/B","project":"","modeldoc":true,"variable_name":"B","portType":"Inport","component_name":"NLGuidance_12B/NLGuidance/Outer/cross","tool":"Simulink","dataType":["double"],"dimensions":[1,3],"width":3},{"id":"NLGuidance_12B/NLGuidance/Outer/cross/Subsystem1/A1","project":"","modeldoc":true,"variable_name":"A1","portType":"Inport","component_name":"NLGuidance_12B/NLGuidance/Outer/cross/Subsystem1","tool":"Simulink","dataType":["double"],"dimensions":[1,3],"width":3},{"id":"NLGuidance_12B/NLGuidance/Outer/cross/Subsystem1/B1","project":"","modeldoc":true,"variable_name":"B1","portType":"Inport","component_name":"NLGuidance_12B/NLGuidance/Outer/cross/Subsystem1","tool":"Simulink","dataType":["double"],"dimensions":[1,3],"width":3},{"id":"NLGuidance_12B/NLGuidance/Outer/cross/Subsystem1/Out1","project":"","modeldoc":true,"variable_name":"Out1","portType":"Outport","component_name":"NLGuidance_12B/NLGuidance/Outer/cross/Subsystem1","tool":"Simulink","dataType":["double"],"dimensions":[1,3],"width":3},{"id":"NLGuidance_12B/NLGuidance/Outer/cross/Subsystem2/A1","project":"","modeldoc":true,"variable_name":"A1","portType":"Inport","component_name":"NLGuidance_12B/NLGuidance/Outer/cross/Subsystem2","tool":"Simulink","dataType":["double"],"dimensions":[1,3],"width":3},{"id":"NLGuidance_12B/NLGuidance/Outer/cross/Subsystem2/B1","project":"","modeldoc":true,"variable_name":"B1","portType":"Inport","component_name":"NLGuidance_12B/NLGuidance/Outer/cross/Subsystem2","tool":"Simulink","dataType":["double"],"dimensions":[1,3],"width":3},{"id":"NLGuidance_12B/NLGuidance/Outer/cross/Subsystem2/Out1","project":"","modeldoc":true,"variable_name":"Out1","portType":"Outport","component_name":"NLGuidance_12B/NLGuidance/Outer/cross/Subsystem2","tool":"Simulink","dataType":["double"],"dimensions":[1,3],"width":3},{"id":"NLGuidance_12B/NLGuidance/Outer/cross/C","project":"","modeldoc":true,"variable_name":"C","portType":"Outport","component_name":"NLGuidance_12B/NLGuidance/Outer/cross","tool":"Simulink","dataType":["double"],"dimensions":[1,3],"width":3},{"id":"NLGuidance_12B/NLGuidance/Outer/r_computation/r","project":"","modeldoc":true,"variable_name":"r","portType":"Inport","component_name":"NLGuidance_12B/NLGuidance/Outer/r_computation","tool":"Simulink","dataType":["double"],"dimensions":[1,1],"width":1},{"id":"NLGuidance_12B/NLGuidance/Outer/r_computation/c","project":"","modeldoc":true,"variable_name":"c","portType":"Inport","component_name":"NLGuidance_12B/NLGuidance/Outer/r_computation","tool":"Simulink","dataType":["double"],"dimensions":[1,1],"width":1},{"id":"NLGuidance_12B/NLGuidance/Outer/r_computation/XrDotVv","project":"","modeldoc":true,"variable_name":"XrDotVv","portType":"Inport","component_name":"NLGuidance_12B/NLGuidance/Outer/r_computation","tool":"Simulink","dataType":["double"],"dimensions":[1,1],"width":1},{"id":"NLGuidance_12B/NLGuidance/Outer/r_computation/Xr","project":"","modeldoc":true,"variable_name":"Xr","portType":"Inport","component_name":"NLGuidance_12B/NLGuidance/Outer/r_computation","tool":"Simulink","dataType":["double"],"dimensions":[1,3],"width":3},{"id":"NLGuidance_12B/NLGuidance/Outer/r_computation/XrMag","project":"","modeldoc":true,"variable_name":"XrMag","portType":"Inport","component_name":"NLGuidance_12B/NLGuidance/Outer/r_computation","tool":"Simulink","dataType":["double"],"dimensions":[1,1],"width":1},{"id":"NLGuidance_12B/NLGuidance/Outer/r_computation/Vv","project":"","modeldoc":true,"variable_name":"Vv","portType":"Inport","component_name":"NLGuidance_12B/NLGuidance/Outer/r_computation","tool":"Simulink","dataType":["double"],"dimensions":[1,3],"width":3},{"id":"NLGuidance_12B/NLGuidance/Outer/r_computation/r1","project":"","modeldoc":true,"variable_name":"r1","portType":"Outport","component_name":"NLGuidance_12B/NLGuidance/Outer/r_computation","tool":"Simulink","dataType":["double"],"dimensions":[1,3],"width":3},{"id":"NLGuidance_12B/NLGuidance/Outer/r_computation/r2","project":"","modeldoc":true,"variable_name":"r2","portType":"Outport","component_name":"NLGuidance_12B/NLGuidance/Outer/r_computation","tool":"Simulink","dataType":["double"],"dimensions":[1,3],"width":3},{"id":"NLGuidance_12B/NLGuidance/Outer/yout","project":"","modeldoc":true,"variable_name":"yout","portType":"Outport","component_name":"NLGuidance_12B/NLGuidance/Outer","tool":"Simulink","dataType":["double"],"dimensions":[1,3],"width":3},{"id":"NLGuidance_12B/NLGuidance/Outer/r1","project":"","modeldoc":true,"variable_name":"r1","portType":"Outport","component_name":"NLGuidance_12B/NLGuidance/Outer","tool":"Simulink","dataType":["double"],"dimensions":[1,3],"width":3},{"id":"NLGuidance_12B/NLGuidance/Outer/r2","project":"","modeldoc":true,"variable_name":"r2","portType":"Outport","component_name":"NLGuidance_12B/NLGuidance/Outer","tool":"Simulink","dataType":["double"],"dimensions":[1,3],"width":3},{"id":"NLGuidance_12B/NLGuidance/Outer/Xap1","project":"","modeldoc":true,"variable_name":"Xap1","portType":"Outport","component_name":"NLGuidance_12B/NLGuidance/Outer","tool":"Simulink","dataType":["double"],"dimensions":[1,3],"width":3},{"id":"NLGuidance_12B/NLGuidance/Outer/Xap2","project":"","modeldoc":true,"variable_name":"Xap2","portType":"Outport","component_name":"NLGuidance_12B/NLGuidance/Outer","tool":"Simulink","dataType":["double"],"dimensions":[1,3],"width":3},{"id":"NLGuidance_12B/NLGuidance/norm1/In","project":"","modeldoc":true,"variable_name":"In","portType":"Inport","component_name":"NLGuidance_12B/NLGuidance/norm1","tool":"Simulink","dataType":["double"],"dimensions":[1,3],"width":3},{"id":"NLGuidance_12B/NLGuidance/norm1/Out","project":"","modeldoc":true,"variable_name":"Out","portType":"Outport","component_name":"NLGuidance_12B/NLGuidance/norm1","tool":"Simulink","dataType":["double"],"dimensions":[1,1],"width":1},{"id":"NLGuidance_12B/NLGuidance/norm2/In","project":"","modeldoc":true,"variable_name":"In","portType":"Inport","component_name":"NLGuidance_12B/NLGuidance/norm2","tool":"Simulink","dataType":["double"],"dimensions":[1,3],"width":3},{"id":"NLGuidance_12B/NLGuidance/norm2/Out","project":"","modeldoc":true,"variable_name":"Out","portType":"Outport","component_name":"NLGuidance_12B/NLGuidance/norm2","tool":"Simulink","dataType":["double"],"dimensions":[1,1],"width":1},{"id":"NLGuidance_12B/NLGuidance/yout","project":"","modeldoc":true,"variable_name":"yout","portType":"Outport","component_name":"NLGuidance_12B/NLGuidance","tool":"Simulink","dataType":["double"],"dimensions":[1,3],"width":3},{"id":"NLGuidance_12B/NLGuidance/r1","project":"","modeldoc":true,"variable_name":"r1","portType":"Outport","component_name":"NLGuidance_12B/NLGuidance","tool":"Simulink","dataType":["double"],"dimensions":[1,3],"width":3},{"id":"NLGuidance_12B/NLGuidance/r2","project":"","modeldoc":true,"variable_name":"r2","portType":"Outport","component_name":"NLGuidance_12B/NLGuidance","tool":"Simulink","dataType":["double"],"dimensions":[1,3],"width":3},{"id":"NLGuidance_12B/NLGuidance/Xap1","project":"","modeldoc":true,"variable_name":"Xap1","portType":"Outport","component_name":"NLGuidance_12B/NLGuidance","tool":"Simulink","dataType":["double"],"dimensions":[1,3],"width":3},{"id":"NLGuidance_12B/NLGuidance/Xap2","project":"","modeldoc":true,"variable_name":"Xap2","portType":"Outport","component_name":"NLGuidance_12B/NLGuidance","tool":"Simulink","dataType":["double"],"dimensions":[1,3],"width":3},{"id":"NLGuidance_12B/contract/Xtarg","project":"","modeldoc":true,"variable_name":"Xtarg","portType":"Inport","component_name":"NLGuidance_12B/contract","tool":"Simulink","dataType":["double"],"dimensions":[1,3],"width":3},{"id":"NLGuidance_12B/contract/Xv","project":"","modeldoc":true,"variable_name":"Xv","portType":"Inport","component_name":"NLGuidance_12B/contract","tool":"Simulink","dataType":["double"],"dimensions":[1,3],"width":3},{"id":"NLGuidance_12B/contract/Vv","project":"","modeldoc":true,"variable_name":"Vv","portType":"Inport","component_name":"NLGuidance_12B/contract","tool":"Simulink","dataType":["double"],"dimensions":[1,3],"width":3},{"id":"NLGuidance_12B/contract/r","project":"","modeldoc":true,"variable_name":"r","portType":"Inport","component_name":"NLGuidance_12B/contract","tool":"Simulink","dataType":["double"],"dimensions":[1,1],"width":1},{"id":"NLGuidance_12B/contract/Vt","project":"","modeldoc":true,"variable_name":"Vt","portType":"Inport","component_name":"NLGuidance_12B/contract","tool":"Simulink","dataType":["double"],"dimensions":[1,3],"width":3},{"id":"NLGuidance_12B/contract/r1","project":"","modeldoc":true,"variable_name":"r1","portType":"Inport","component_name":"NLGuidance_12B/contract","tool":"Simulink","dataType":["double"],"dimensions":[1,3],"width":3},{"id":"NLGuidance_12B/contract/r2","project":"","modeldoc":true,"variable_name":"r2","portType":"Inport","component_name":"NLGuidance_12B/contract","tool":"Simulink","dataType":["double"],"dimensions":[1,3],"width":3},{"id":"NLGuidance_12B/contract/Xap1","project":"","modeldoc":true,"variable_name":"Xap1","portType":"Inport","component_name":"NLGuidance_12B/contract","tool":"Simulink","dataType":["double"],"dimensions":[1,3],"width":3},{"id":"NLGuidance_12B/contract/Xap2","project":"","modeldoc":true,"variable_name":"Xap2","portType":"Inport","component_name":"NLGuidance_12B/contract","tool":"Simulink","dataType":["double"],"dimensions":[1,3],"width":3},{"id":"NLGuidance_12B/contract/yout","project":"","modeldoc":true,"variable_name":"yout","portType":"Inport","component_name":"NLGuidance_12B/contract","tool":"Simulink","dataType":["double"],"dimensions":[1,3],"width":3},{"id":"NLGuidance_12B/contract/assume Vv not null/Vv","project":"","modeldoc":true,"variable_name":"Vv","portType":"Inport","component_name":"NLGuidance_12B/contract/assume Vv not null","tool":"Simulink","dataType":["double"],"dimensions":[1,3],"width":3},{"id":"NLGuidance_12B/contract/assume Vv not null/Compare\nTo Zero/u","project":"","modeldoc":true,"variable_name":"u","portType":"Inport","component_name":"NLGuidance_12B/contract/assume Vv not null/Compare\nTo Zero","tool":"Simulink","dataType":["double"],"dimensions":[1,3],"width":3},{"id":"NLGuidance_12B/contract/assume Vv not null/Compare\nTo Zero/y","project":"","modeldoc":true,"variable_name":"y","portType":"Outport","component_name":"NLGuidance_12B/contract/assume Vv not null/Compare\nTo Zero","tool":"Simulink","dataType":["boolean"],"dimensions":[1,3],"width":3},{"id":"NLGuidance_12B/contract/assume Vv not null/assume","project":"","modeldoc":true,"variable_name":"assume","portType":"Outport","component_name":"NLGuidance_12B/contract/assume Vv not null","tool":"Simulink","dataType":["boolean"],"dimensions":[1,1],"width":1},{"id":"NLGuidance_12B/contract/assume Xr not null/Xr","project":"","modeldoc":true,"variable_name":"Xr","portType":"Inport","component_name":"NLGuidance_12B/contract/assume Xr not null","tool":"Simulink","dataType":["double"],"dimensions":[1,3],"width":3},{"id":"NLGuidance_12B/contract/assume Xr not null/Compare\nTo Zero/u","project":"","modeldoc":true,"variable_name":"u","portType":"Inport","component_name":"NLGuidance_12B/contract/assume Xr not null/Compare\nTo Zero","tool":"Simulink","dataType":["double"],"dimensions":[1,3],"width":3},{"id":"NLGuidance_12B/contract/assume Xr not null/Compare\nTo Zero/y","project":"","modeldoc":true,"variable_name":"y","portType":"Outport","component_name":"NLGuidance_12B/contract/assume Xr not null/Compare\nTo Zero","tool":"Simulink","dataType":["boolean"],"dimensions":[1,3],"width":3},{"id":"NLGuidance_12B/contract/assume Xr not null/assume","project":"","modeldoc":true,"variable_name":"assume","portType":"Outport","component_name":"NLGuidance_12B/contract/assume Xr not null","tool":"Simulink","dataType":["boolean"],"dimensions":[1,1],"width":1},{"id":"NLGuidance_12B/contract/guarantee5/yout","project":"","modeldoc":true,"variable_name":"yout","portType":"Inport","component_name":"NLGuidance_12B/contract/guarantee5","tool":"Simulink","dataType":["double"],"dimensions":[1,3],"width":3},{"id":"NLGuidance_12B/contract/guarantee5/Xtarget","project":"","modeldoc":true,"variable_name":"Xtarget","portType":"Inport","component_name":"NLGuidance_12B/contract/guarantee5","tool":"Simulink","dataType":["double"],"dimensions":[1,3],"width":3},{"id":"NLGuidance_12B/contract/guarantee5/Compare\nTo Zero/u","project":"","modeldoc":true,"variable_name":"u","portType":"Inport","component_name":"NLGuidance_12B/contract/guarantee5/Compare\nTo Zero","tool":"Simulink","dataType":["double"],"dimensions":[1,1],"width":1},{"id":"NLGuidance_12B/contract/guarantee5/Compare\nTo Zero/y","project":"","modeldoc":true,"variable_name":"y","portType":"Outport","component_name":"NLGuidance_12B/contract/guarantee5/Compare\nTo Zero","tool":"Simulink","dataType":["boolean"],"dimensions":[1,1],"width":1},{"id":"NLGuidance_12B/contract/guarantee5/guarantee","project":"","modeldoc":true,"variable_name":"guarantee","portType":"Outport","component_name":"NLGuidance_12B/contract/guarantee5","tool":"Simulink","dataType":["boolean"],"dimensions":[1,1],"width":1},{"id":"NLGuidance_12B/contract/valid","project":"","modeldoc":true,"variable_name":"valid","portType":"Outport","component_name":"NLGuidance_12B/contract","tool":"Simulink","dataType":["boolean"],"dimensions":[1,1],"width":1},{"id":"NLGuidance_12B/yout","project":"","modeldoc":true,"variable_name":"yout","portType":"Outport","component_name":"NLGuidance_12B","tool":"Simulink","dataType":["double"],"dimensions":[1,3],"width":3},{"id":"NLGuidance_12B/r1","project":"","modeldoc":true,"variable_name":"r1","portType":"Outport","component_name":"NLGuidance_12B","tool":"Simulink","dataType":["double"],"dimensions":[1,3],"width":3},{"id":"NLGuidance_12B/r2","project":"","modeldoc":true,"variable_name":"r2","portType":"Outport","component_name":"NLGuidance_12B","tool":"Simulink","dataType":["double"],"dimensions":[1,3],"width":3},{"id":"NLGuidance_12B/Xap1","project":"","modeldoc":true,"variable_name":"Xap1","portType":"Outport","component_name":"NLGuidance_12B","tool":"Simulink","dataType":["double"],"dimensions":[1,3],"width":3},{"id":"NLGuidance_12B/Xap2","project":"","modeldoc":true,"variable_name":"Xap2","portType":"Outport","component_name":"NLGuidance_12B","tool":"Simulink","dataType":["double"],"dimensions":[1,3],"width":3}]
