[{"file_path":"/Users/hbourbou/Documents/babelfish/cocosim_tests/lm_new/9_euler/euler321_I2B_12B.mdl","date":"05-Nov-2019","Declarations":{"Enumerations":[]}},{"id":"euler321_I2B_12B/phi","project":"","modeldoc":true,"variable_name":"phi","portType":"Inport","component_name":"euler321_I2B_12B","tool":"Simulink","dataType":["double"],"dimensions":[1,1],"width":1},{"id":"euler321_I2B_12B/theta","project":"","modeldoc":true,"variable_name":"theta","portType":"Inport","component_name":"euler321_I2B_12B","tool":"Simulink","dataType":["double"],"dimensions":[1,1],"width":1},{"id":"euler321_I2B_12B/psi","project":"","modeldoc":true,"variable_name":"psi","portType":"Inport","component_name":"euler321_I2B_12B","tool":"Simulink","dataType":["double"],"dimensions":[1,1],"width":1},{"id":"euler321_I2B_12B/Vi","project":"","modeldoc":true,"variable_name":"Vi","portType":"Inport","component_name":"euler321_I2B_12B","tool":"Simulink","dataType":["double"],"dimensions":[1,3],"width":3},{"id":"euler321_I2B_12B/COORDINATE TRANSFORM\nEULER 321\n(INERTIAL TO BODY)/phi","project":"","modeldoc":true,"variable_name":"phi","portType":"Inport","component_name":"euler321_I2B_12B/COORDINATE TRANSFORM\nEULER 321\n(INERTIAL TO BODY)","tool":"Simulink","dataType":["double"],"dimensions":[1,1],"width":1},{"id":"euler321_I2B_12B/COORDINATE TRANSFORM\nEULER 321\n(INERTIAL TO BODY)/theta","project":"","modeldoc":true,"variable_name":"theta","portType":"Inport","component_name":"euler321_I2B_12B/COORDINATE TRANSFORM\nEULER 321\n(INERTIAL TO BODY)","tool":"Simulink","dataType":["double"],"dimensions":[1,1],"width":1},{"id":"euler321_I2B_12B/COORDINATE TRANSFORM\nEULER 321\n(INERTIAL TO BODY)/psi","project":"","modeldoc":true,"variable_name":"psi","portType":"Inport","component_name":"euler321_I2B_12B/COORDINATE TRANSFORM\nEULER 321\n(INERTIAL TO BODY)","tool":"Simulink","dataType":["double"],"dimensions":[1,1],"width":1},{"id":"euler321_I2B_12B/COORDINATE TRANSFORM\nEULER 321\n(INERTIAL TO BODY)/Vi","project":"","modeldoc":true,"variable_name":"Vi","portType":"Inport","component_name":"euler321_I2B_12B/COORDINATE TRANSFORM\nEULER 321\n(INERTIAL TO BODY)","tool":"Simulink","dataType":["double"],"dimensions":[1,3],"width":3},{"id":"euler321_I2B_12B/COORDINATE TRANSFORM\nEULER 321\n(INERTIAL TO BODY)/Euler 1 Rotation\n(Yaw)/psi","project":"","modeldoc":true,"variable_name":"psi","portType":"Inport","component_name":"euler321_I2B_12B/COORDINATE TRANSFORM\nEULER 321\n(INERTIAL TO BODY)/Euler 1 Rotation\n(Yaw)","tool":"Simulink","dataType":["double"],"dimensions":[1,1],"width":1},{"id":"euler321_I2B_12B/COORDINATE TRANSFORM\nEULER 321\n(INERTIAL TO BODY)/Euler 1 Rotation\n(Yaw)/Create 3x3 Matrix/M11","project":"","modeldoc":true,"variable_name":"M11","portType":"Inport","component_name":"euler321_I2B_12B/COORDINATE TRANSFORM\nEULER 321\n(INERTIAL TO BODY)/Euler 1 Rotation\n(Yaw)/Create 3x3 Matrix","tool":"Simulink","dataType":["double"],"dimensions":[1,1],"width":1},{"id":"euler321_I2B_12B/COORDINATE TRANSFORM\nEULER 321\n(INERTIAL TO BODY)/Euler 1 Rotation\n(Yaw)/Create 3x3 Matrix/M12","project":"","modeldoc":true,"variable_name":"M12","portType":"Inport","component_name":"euler321_I2B_12B/COORDINATE TRANSFORM\nEULER 321\n(INERTIAL TO BODY)/Euler 1 Rotation\n(Yaw)/Create 3x3 Matrix","tool":"Simulink","dataType":["double"],"dimensions":[1,1],"width":1},{"id":"euler321_I2B_12B/COORDINATE TRANSFORM\nEULER 321\n(INERTIAL TO BODY)/Euler 1 Rotation\n(Yaw)/Create 3x3 Matrix/M13","project":"","modeldoc":true,"variable_name":"M13","portType":"Inport","component_name":"euler321_I2B_12B/COORDINATE TRANSFORM\nEULER 321\n(INERTIAL TO BODY)/Euler 1 Rotation\n(Yaw)/Create 3x3 Matrix","tool":"Simulink","dataType":["double"],"dimensions":[1,1],"width":1},{"id":"euler321_I2B_12B/COORDINATE TRANSFORM\nEULER 321\n(INERTIAL TO BODY)/Euler 1 Rotation\n(Yaw)/Create 3x3 Matrix/M21","project":"","modeldoc":true,"variable_name":"M21","portType":"Inport","component_name":"euler321_I2B_12B/COORDINATE TRANSFORM\nEULER 321\n(INERTIAL TO BODY)/Euler 1 Rotation\n(Yaw)/Create 3x3 Matrix","tool":"Simulink","dataType":["double"],"dimensions":[1,1],"width":1},{"id":"euler321_I2B_12B/COORDINATE TRANSFORM\nEULER 321\n(INERTIAL TO BODY)/Euler 1 Rotation\n(Yaw)/Create 3x3 Matrix/M22","project":"","modeldoc":true,"variable_name":"M22","portType":"Inport","component_name":"euler321_I2B_12B/COORDINATE TRANSFORM\nEULER 321\n(INERTIAL TO BODY)/Euler 1 Rotation\n(Yaw)/Create 3x3 Matrix","tool":"Simulink","dataType":["double"],"dimensions":[1,1],"width":1},{"id":"euler321_I2B_12B/COORDINATE TRANSFORM\nEULER 321\n(INERTIAL TO BODY)/Euler 1 Rotation\n(Yaw)/Create 3x3 Matrix/M23","project":"","modeldoc":true,"variable_name":"M23","portType":"Inport","component_name":"euler321_I2B_12B/COORDINATE TRANSFORM\nEULER 321\n(INERTIAL TO BODY)/Euler 1 Rotation\n(Yaw)/Create 3x3 Matrix","tool":"Simulink","dataType":["double"],"dimensions":[1,1],"width":1},{"id":"euler321_I2B_12B/COORDINATE TRANSFORM\nEULER 321\n(INERTIAL TO BODY)/Euler 1 Rotation\n(Yaw)/Create 3x3 Matrix/M31","project":"","modeldoc":true,"variable_name":"M31","portType":"Inport","component_name":"euler321_I2B_12B/COORDINATE TRANSFORM\nEULER 321\n(INERTIAL TO BODY)/Euler 1 Rotation\n(Yaw)/Create 3x3 Matrix","tool":"Simulink","dataType":["double"],"dimensions":[1,1],"width":1},{"id":"euler321_I2B_12B/COORDINATE TRANSFORM\nEULER 321\n(INERTIAL TO BODY)/Euler 1 Rotation\n(Yaw)/Create 3x3 Matrix/M32","project":"","modeldoc":true,"variable_name":"M32","portType":"Inport","component_name":"euler321_I2B_12B/COORDINATE TRANSFORM\nEULER 321\n(INERTIAL TO BODY)/Euler 1 Rotation\n(Yaw)/Create 3x3 Matrix","tool":"Simulink","dataType":["double"],"dimensions":[1,1],"width":1},{"id":"euler321_I2B_12B/COORDINATE TRANSFORM\nEULER 321\n(INERTIAL TO BODY)/Euler 1 Rotation\n(Yaw)/Create 3x3 Matrix/M33","project":"","modeldoc":true,"variable_name":"M33","portType":"Inport","component_name":"euler321_I2B_12B/COORDINATE TRANSFORM\nEULER 321\n(INERTIAL TO BODY)/Euler 1 Rotation\n(Yaw)/Create 3x3 Matrix","tool":"Simulink","dataType":["double"],"dimensions":[1,1],"width":1},{"id":"euler321_I2B_12B/COORDINATE TRANSFORM\nEULER 321\n(INERTIAL TO BODY)/Euler 1 Rotation\n(Yaw)/Create 3x3 Matrix/Matrix","project":"","modeldoc":true,"variable_name":"Matrix","portType":"Outport","component_name":"euler321_I2B_12B/COORDINATE TRANSFORM\nEULER 321\n(INERTIAL TO BODY)/Euler 1 Rotation\n(Yaw)/Create 3x3 Matrix","tool":"Simulink","dataType":["double"],"dimensions":[2,3,3],"width":9},{"id":"euler321_I2B_12B/COORDINATE TRANSFORM\nEULER 321\n(INERTIAL TO BODY)/Euler 1 Rotation\n(Yaw)/R1","project":"","modeldoc":true,"variable_name":"R1","portType":"Outport","component_name":"euler321_I2B_12B/COORDINATE TRANSFORM\nEULER 321\n(INERTIAL TO BODY)/Euler 1 Rotation\n(Yaw)","tool":"Simulink","dataType":["double"],"dimensions":[2,3,3],"width":9},{"id":"euler321_I2B_12B/COORDINATE TRANSFORM\nEULER 321\n(INERTIAL TO BODY)/Euler 2 Rotation\n(Pitch)/theta","project":"","modeldoc":true,"variable_name":"theta","portType":"Inport","component_name":"euler321_I2B_12B/COORDINATE TRANSFORM\nEULER 321\n(INERTIAL TO BODY)/Euler 2 Rotation\n(Pitch)","tool":"Simulink","dataType":["double"],"dimensions":[1,1],"width":1},{"id":"euler321_I2B_12B/COORDINATE TRANSFORM\nEULER 321\n(INERTIAL TO BODY)/Euler 2 Rotation\n(Pitch)/Create 3x3 Matrix/M11","project":"","modeldoc":true,"variable_name":"M11","portType":"Inport","component_name":"euler321_I2B_12B/COORDINATE TRANSFORM\nEULER 321\n(INERTIAL TO BODY)/Euler 2 Rotation\n(Pitch)/Create 3x3 Matrix","tool":"Simulink","dataType":["double"],"dimensions":[1,1],"width":1},{"id":"euler321_I2B_12B/COORDINATE TRANSFORM\nEULER 321\n(INERTIAL TO BODY)/Euler 2 Rotation\n(Pitch)/Create 3x3 Matrix/M12","project":"","modeldoc":true,"variable_name":"M12","portType":"Inport","component_name":"euler321_I2B_12B/COORDINATE TRANSFORM\nEULER 321\n(INERTIAL TO BODY)/Euler 2 Rotation\n(Pitch)/Create 3x3 Matrix","tool":"Simulink","dataType":["double"],"dimensions":[1,1],"width":1},{"id":"euler321_I2B_12B/COORDINATE TRANSFORM\nEULER 321\n(INERTIAL TO BODY)/Euler 2 Rotation\n(Pitch)/Create 3x3 Matrix/M13","project":"","modeldoc":true,"variable_name":"M13","portType":"Inport","component_name":"euler321_I2B_12B/COORDINATE TRANSFORM\nEULER 321\n(INERTIAL TO BODY)/Euler 2 Rotation\n(Pitch)/Create 3x3 Matrix","tool":"Simulink","dataType":["double"],"dimensions":[1,1],"width":1},{"id":"euler321_I2B_12B/COORDINATE TRANSFORM\nEULER 321\n(INERTIAL TO BODY)/Euler 2 Rotation\n(Pitch)/Create 3x3 Matrix/M21","project":"","modeldoc":true,"variable_name":"M21","portType":"Inport","component_name":"euler321_I2B_12B/COORDINATE TRANSFORM\nEULER 321\n(INERTIAL TO BODY)/Euler 2 Rotation\n(Pitch)/Create 3x3 Matrix","tool":"Simulink","dataType":["double"],"dimensions":[1,1],"width":1},{"id":"euler321_I2B_12B/COORDINATE TRANSFORM\nEULER 321\n(INERTIAL TO BODY)/Euler 2 Rotation\n(Pitch)/Create 3x3 Matrix/M22","project":"","modeldoc":true,"variable_name":"M22","portType":"Inport","component_name":"euler321_I2B_12B/COORDINATE TRANSFORM\nEULER 321\n(INERTIAL TO BODY)/Euler 2 Rotation\n(Pitch)/Create 3x3 Matrix","tool":"Simulink","dataType":["double"],"dimensions":[1,1],"width":1},{"id":"euler321_I2B_12B/COORDINATE TRANSFORM\nEULER 321\n(INERTIAL TO BODY)/Euler 2 Rotation\n(Pitch)/Create 3x3 Matrix/M23","project":"","modeldoc":true,"variable_name":"M23","portType":"Inport","component_name":"euler321_I2B_12B/COORDINATE TRANSFORM\nEULER 321\n(INERTIAL TO BODY)/Euler 2 Rotation\n(Pitch)/Create 3x3 Matrix","tool":"Simulink","dataType":["double"],"dimensions":[1,1],"width":1},{"id":"euler321_I2B_12B/COORDINATE TRANSFORM\nEULER 321\n(INERTIAL TO BODY)/Euler 2 Rotation\n(Pitch)/Create 3x3 Matrix/M31","project":"","modeldoc":true,"variable_name":"M31","portType":"Inport","component_name":"euler321_I2B_12B/COORDINATE TRANSFORM\nEULER 321\n(INERTIAL TO BODY)/Euler 2 Rotation\n(Pitch)/Create 3x3 Matrix","tool":"Simulink","dataType":["double"],"dimensions":[1,1],"width":1},{"id":"euler321_I2B_12B/COORDINATE TRANSFORM\nEULER 321\n(INERTIAL TO BODY)/Euler 2 Rotation\n(Pitch)/Create 3x3 Matrix/M32","project":"","modeldoc":true,"variable_name":"M32","portType":"Inport","component_name":"euler321_I2B_12B/COORDINATE TRANSFORM\nEULER 321\n(INERTIAL TO BODY)/Euler 2 Rotation\n(Pitch)/Create 3x3 Matrix","tool":"Simulink","dataType":["double"],"dimensions":[1,1],"width":1},{"id":"euler321_I2B_12B/COORDINATE TRANSFORM\nEULER 321\n(INERTIAL TO BODY)/Euler 2 Rotation\n(Pitch)/Create 3x3 Matrix/M33","project":"","modeldoc":true,"variable_name":"M33","portType":"Inport","component_name":"euler321_I2B_12B/COORDINATE TRANSFORM\nEULER 321\n(INERTIAL TO BODY)/Euler 2 Rotation\n(Pitch)/Create 3x3 Matrix","tool":"Simulink","dataType":["double"],"dimensions":[1,1],"width":1},{"id":"euler321_I2B_12B/COORDINATE TRANSFORM\nEULER 321\n(INERTIAL TO BODY)/Euler 2 Rotation\n(Pitch)/Create 3x3 Matrix/Matrix","project":"","modeldoc":true,"variable_name":"Matrix","portType":"Outport","component_name":"euler321_I2B_12B/COORDINATE TRANSFORM\nEULER 321\n(INERTIAL TO BODY)/Euler 2 Rotation\n(Pitch)/Create 3x3 Matrix","tool":"Simulink","dataType":["double"],"dimensions":[2,3,3],"width":9},{"id":"euler321_I2B_12B/COORDINATE TRANSFORM\nEULER 321\n(INERTIAL TO BODY)/Euler 2 Rotation\n(Pitch)/R2","project":"","modeldoc":true,"variable_name":"R2","portType":"Outport","component_name":"euler321_I2B_12B/COORDINATE TRANSFORM\nEULER 321\n(INERTIAL TO BODY)/Euler 2 Rotation\n(Pitch)","tool":"Simulink","dataType":["double"],"dimensions":[2,3,3],"width":9},{"id":"euler321_I2B_12B/COORDINATE TRANSFORM\nEULER 321\n(INERTIAL TO BODY)/Euler 3 Rotation\n(Roll)/phi","project":"","modeldoc":true,"variable_name":"phi","portType":"Inport","component_name":"euler321_I2B_12B/COORDINATE TRANSFORM\nEULER 321\n(INERTIAL TO BODY)/Euler 3 Rotation\n(Roll)","tool":"Simulink","dataType":["double"],"dimensions":[1,1],"width":1},{"id":"euler321_I2B_12B/COORDINATE TRANSFORM\nEULER 321\n(INERTIAL TO BODY)/Euler 3 Rotation\n(Roll)/Create 3x3 Matrix/M11","project":"","modeldoc":true,"variable_name":"M11","portType":"Inport","component_name":"euler321_I2B_12B/COORDINATE TRANSFORM\nEULER 321\n(INERTIAL TO BODY)/Euler 3 Rotation\n(Roll)/Create 3x3 Matrix","tool":"Simulink","dataType":["double"],"dimensions":[1,1],"width":1},{"id":"euler321_I2B_12B/COORDINATE TRANSFORM\nEULER 321\n(INERTIAL TO BODY)/Euler 3 Rotation\n(Roll)/Create 3x3 Matrix/M12","project":"","modeldoc":true,"variable_name":"M12","portType":"Inport","component_name":"euler321_I2B_12B/COORDINATE TRANSFORM\nEULER 321\n(INERTIAL TO BODY)/Euler 3 Rotation\n(Roll)/Create 3x3 Matrix","tool":"Simulink","dataType":["double"],"dimensions":[1,1],"width":1},{"id":"euler321_I2B_12B/COORDINATE TRANSFORM\nEULER 321\n(INERTIAL TO BODY)/Euler 3 Rotation\n(Roll)/Create 3x3 Matrix/M13","project":"","modeldoc":true,"variable_name":"M13","portType":"Inport","component_name":"euler321_I2B_12B/COORDINATE TRANSFORM\nEULER 321\n(INERTIAL TO BODY)/Euler 3 Rotation\n(Roll)/Create 3x3 Matrix","tool":"Simulink","dataType":["double"],"dimensions":[1,1],"width":1},{"id":"euler321_I2B_12B/COORDINATE TRANSFORM\nEULER 321\n(INERTIAL TO BODY)/Euler 3 Rotation\n(Roll)/Create 3x3 Matrix/M21","project":"","modeldoc":true,"variable_name":"M21","portType":"Inport","component_name":"euler321_I2B_12B/COORDINATE TRANSFORM\nEULER 321\n(INERTIAL TO BODY)/Euler 3 Rotation\n(Roll)/Create 3x3 Matrix","tool":"Simulink","dataType":["double"],"dimensions":[1,1],"width":1},{"id":"euler321_I2B_12B/COORDINATE TRANSFORM\nEULER 321\n(INERTIAL TO BODY)/Euler 3 Rotation\n(Roll)/Create 3x3 Matrix/M22","project":"","modeldoc":true,"variable_name":"M22","portType":"Inport","component_name":"euler321_I2B_12B/COORDINATE TRANSFORM\nEULER 321\n(INERTIAL TO BODY)/Euler 3 Rotation\n(Roll)/Create 3x3 Matrix","tool":"Simulink","dataType":["double"],"dimensions":[1,1],"width":1},{"id":"euler321_I2B_12B/COORDINATE TRANSFORM\nEULER 321\n(INERTIAL TO BODY)/Euler 3 Rotation\n(Roll)/Create 3x3 Matrix/M23","project":"","modeldoc":true,"variable_name":"M23","portType":"Inport","component_name":"euler321_I2B_12B/COORDINATE TRANSFORM\nEULER 321\n(INERTIAL TO BODY)/Euler 3 Rotation\n(Roll)/Create 3x3 Matrix","tool":"Simulink","dataType":["double"],"dimensions":[1,1],"width":1},{"id":"euler321_I2B_12B/COORDINATE TRANSFORM\nEULER 321\n(INERTIAL TO BODY)/Euler 3 Rotation\n(Roll)/Create 3x3 Matrix/M31","project":"","modeldoc":true,"variable_name":"M31","portType":"Inport","component_name":"euler321_I2B_12B/COORDINATE TRANSFORM\nEULER 321\n(INERTIAL TO BODY)/Euler 3 Rotation\n(Roll)/Create 3x3 Matrix","tool":"Simulink","dataType":["double"],"dimensions":[1,1],"width":1},{"id":"euler321_I2B_12B/COORDINATE TRANSFORM\nEULER 321\n(INERTIAL TO BODY)/Euler 3 Rotation\n(Roll)/Create 3x3 Matrix/M32","project":"","modeldoc":true,"variable_name":"M32","portType":"Inport","component_name":"euler321_I2B_12B/COORDINATE TRANSFORM\nEULER 321\n(INERTIAL TO BODY)/Euler 3 Rotation\n(Roll)/Create 3x3 Matrix","tool":"Simulink","dataType":["double"],"dimensions":[1,1],"width":1},{"id":"euler321_I2B_12B/COORDINATE TRANSFORM\nEULER 321\n(INERTIAL TO BODY)/Euler 3 Rotation\n(Roll)/Create 3x3 Matrix/M33","project":"","modeldoc":true,"variable_name":"M33","portType":"Inport","component_name":"euler321_I2B_12B/COORDINATE TRANSFORM\nEULER 321\n(INERTIAL TO BODY)/Euler 3 Rotation\n(Roll)/Create 3x3 Matrix","tool":"Simulink","dataType":["double"],"dimensions":[1,1],"width":1},{"id":"euler321_I2B_12B/COORDINATE TRANSFORM\nEULER 321\n(INERTIAL TO BODY)/Euler 3 Rotation\n(Roll)/Create 3x3 Matrix/Matrix","project":"","modeldoc":true,"variable_name":"Matrix","portType":"Outport","component_name":"euler321_I2B_12B/COORDINATE TRANSFORM\nEULER 321\n(INERTIAL TO BODY)/Euler 3 Rotation\n(Roll)/Create 3x3 Matrix","tool":"Simulink","dataType":["double"],"dimensions":[2,3,3],"width":9},{"id":"euler321_I2B_12B/COORDINATE TRANSFORM\nEULER 321\n(INERTIAL TO BODY)/Euler 3 Rotation\n(Roll)/R3","project":"","modeldoc":true,"variable_name":"R3","portType":"Outport","component_name":"euler321_I2B_12B/COORDINATE TRANSFORM\nEULER 321\n(INERTIAL TO BODY)/Euler 3 Rotation\n(Roll)","tool":"Simulink","dataType":["double"],"dimensions":[2,3,3],"width":9},{"id":"euler321_I2B_12B/COORDINATE TRANSFORM\nEULER 321\n(INERTIAL TO BODY)/DCM321","project":"","modeldoc":true,"variable_name":"DCM321","portType":"Outport","component_name":"euler321_I2B_12B/COORDINATE TRANSFORM\nEULER 321\n(INERTIAL TO BODY)","tool":"Simulink","dataType":["double"],"dimensions":[2,3,3],"width":9},{"id":"euler321_I2B_12B/COORDINATE TRANSFORM\nEULER 321\n(INERTIAL TO BODY)/Vb","project":"","modeldoc":true,"variable_name":"Vb","portType":"Outport","component_name":"euler321_I2B_12B/COORDINATE TRANSFORM\nEULER 321\n(INERTIAL TO BODY)","tool":"Simulink","dataType":["double"],"dimensions":[1,3],"width":3},{"id":"euler321_I2B_12B/DCM321","project":"","modeldoc":true,"variable_name":"DCM321","portType":"Outport","component_name":"euler321_I2B_12B","tool":"Simulink","dataType":["double"],"dimensions":[2,3,3],"width":9},{"id":"euler321_I2B_12B/Vb","project":"","modeldoc":true,"variable_name":"Vb","portType":"Outport","component_name":"euler321_I2B_12B","tool":"Simulink","dataType":["double"],"dimensions":[1,3],"width":3}]
