<?xml version="1.0" encoding="utf-8"?>
<SLX2LusTrace ModelPath="/Users/hbourbou/Documents/babelfish/cocosim_tests/lm_new/8_swim/CoCoSim/swim_12B_with_contracts_PP.slx"><!--This file has been generated by the CoCoSim tool :05-Nov-2019 16:04:31--><Node IsContract="0" NodeName="SWIM_minus_001A_340_035"
         OriginPath="swim_12B_with_contracts_PP/swim_12B_SWIMSpec/SWIM_minus_001A">
      <InputList>
         <Inport IsInsideContract="0" IsNotInSimulink="0" VariableName="In1_1">
            <OriginPath>swim_12B_with_contracts_PP/swim_12B_SWIMSpec/SWIM_minus_001A/In1</OriginPath>
            <PortNumber>1</PortNumber>
            <PortType>Outports</PortType>
            <Width>1</Width>
            <Index>1</Index>
         </Inport>
      </InputList>
      <OutputList>
         <Outport IsInsideContract="0" IsNotInSimulink="0" VariableName="guarantee_1">
            <OriginPath>swim_12B_with_contracts_PP/swim_12B_SWIMSpec/SWIM_minus_001A/guarantee</OriginPath>
            <PortNumber>1</PortNumber>
            <PortType>Outports</PortType>
            <Width>1</Width>
            <Index>1</Index>
         </Outport>
      </OutputList>
      <VarList/>
   </Node>
   <Node IsContract="0" NodeName="SWIM_minus_001B_344_035"
         OriginPath="swim_12B_with_contracts_PP/swim_12B_SWIMSpec/SWIM_minus_001B">
      <InputList>
         <Inport IsInsideContract="0" IsNotInSimulink="0" VariableName="In1_1">
            <OriginPath>swim_12B_with_contracts_PP/swim_12B_SWIMSpec/SWIM_minus_001B/In1</OriginPath>
            <PortNumber>1</PortNumber>
            <PortType>Outports</PortType>
            <Width>1</Width>
            <Index>1</Index>
         </Inport>
      </InputList>
      <OutputList>
         <Outport IsInsideContract="0" IsNotInSimulink="0" VariableName="guarantee_1">
            <OriginPath>swim_12B_with_contracts_PP/swim_12B_SWIMSpec/SWIM_minus_001B/guarantee</OriginPath>
            <PortNumber>1</PortNumber>
            <PortType>Outports</PortType>
            <Width>1</Width>
            <Index>1</Index>
         </Outport>
      </OutputList>
      <VarList/>
   </Node>
   <Node IsContract="0" NodeName="SWIM_minus_002_348_035"
         OriginPath="swim_12B_with_contracts_PP/swim_12B_SWIMSpec/SWIM_minus_002">
      <InputList>
         <Inport IsInsideContract="0" IsNotInSimulink="0" VariableName="In1_1">
            <OriginPath>swim_12B_with_contracts_PP/swim_12B_SWIMSpec/SWIM_minus_002/In1</OriginPath>
            <PortNumber>1</PortNumber>
            <PortType>Outports</PortType>
            <Width>1</Width>
            <Index>1</Index>
         </Inport>
      </InputList>
      <OutputList>
         <Outport IsInsideContract="0" IsNotInSimulink="0" VariableName="guarantee_1">
            <OriginPath>swim_12B_with_contracts_PP/swim_12B_SWIMSpec/SWIM_minus_002/guarantee</OriginPath>
            <PortNumber>1</PortNumber>
            <PortType>Outports</PortType>
            <Width>1</Width>
            <Index>1</Index>
         </Outport>
      </OutputList>
      <VarList/>
   </Node>
   <Node IsContract="0" NodeName="assume_336_035"
         OriginPath="swim_12B_with_contracts_PP/swim_12B_SWIMSpec/assume">
      <InputList>
         <Inport IsInsideContract="0" IsNotInSimulink="0" VariableName="In1_1">
            <OriginPath>swim_12B_with_contracts_PP/swim_12B_SWIMSpec/assume/In1</OriginPath>
            <PortNumber>1</PortNumber>
            <PortType>Outports</PortType>
            <Width>1</Width>
            <Index>1</Index>
         </Inport>
      </InputList>
      <OutputList>
         <Outport IsInsideContract="0" IsNotInSimulink="0" VariableName="assume_1">
            <OriginPath>swim_12B_with_contracts_PP/swim_12B_SWIMSpec/assume/assume</OriginPath>
            <PortNumber>1</PortNumber>
            <PortType>Outports</PortType>
            <Width>1</Width>
            <Index>1</Index>
         </Outport>
      </OutputList>
      <VarList/>
   </Node>
   <Node IsContract="0" NodeName="spec139_operator_355_035"
         OriginPath="swim_12B_with_contracts_PP/swim_12B_SWIMSpec/spec139_operator">
      <InputList>
         <Inport IsInsideContract="0" IsNotInSimulink="0" VariableName="A_1">
            <OriginPath>swim_12B_with_contracts_PP/swim_12B_SWIMSpec/spec139_operator/A</OriginPath>
            <PortNumber>1</PortNumber>
            <PortType>Outports</PortType>
            <Width>1</Width>
            <Index>1</Index>
         </Inport>
         <Inport IsInsideContract="0" IsNotInSimulink="0" VariableName="B_1">
            <OriginPath>swim_12B_with_contracts_PP/swim_12B_SWIMSpec/spec139_operator/B</OriginPath>
            <PortNumber>1</PortNumber>
            <PortType>Outports</PortType>
            <Width>1</Width>
            <Index>1</Index>
         </Inport>
      </InputList>
      <OutputList>
         <Outport IsInsideContract="0" IsNotInSimulink="0" VariableName="A_equal__equal__gt_B_1">
            <OriginPath>swim_12B_with_contracts_PP/swim_12B_SWIMSpec/spec139_operator/A_equal__equal__gt_B</OriginPath>
            <PortNumber>1</PortNumber>
            <PortType>Outports</PortType>
            <Width>1</Width>
            <Index>1</Index>
         </Outport>
      </OutputList>
      <VarList>
         <Variable IsInsideContract="0" IsNotInSimulink="0"
                   VariableName="Logical_newline_Operator_1">
            <OriginPath>swim_12B_with_contracts_PP/swim_12B_SWIMSpec/spec139_operator/Logical_newline_Operator</OriginPath>
            <PortNumber>1</PortNumber>
            <PortType>Outports</PortType>
            <Width>1</Width>
            <Index>1</Index>
         </Variable>
         <Variable IsInsideContract="0" IsNotInSimulink="0"
                   VariableName="Logical_newline_Operator1_1">
            <OriginPath>swim_12B_with_contracts_PP/swim_12B_SWIMSpec/spec139_operator/Logical_newline_Operator1</OriginPath>
            <PortNumber>1</PortNumber>
            <PortType>Outports</PortType>
            <Width>1</Width>
            <Index>1</Index>
         </Variable>
      </VarList>
   </Node>
   <Node IsContract="0" NodeName="spec156_operator_356_035"
         OriginPath="swim_12B_with_contracts_PP/swim_12B_SWIMSpec/spec156_operator">
      <InputList>
         <Inport IsInsideContract="0" IsNotInSimulink="0" VariableName="A_1">
            <OriginPath>swim_12B_with_contracts_PP/swim_12B_SWIMSpec/spec156_operator/A</OriginPath>
            <PortNumber>1</PortNumber>
            <PortType>Outports</PortType>
            <Width>1</Width>
            <Index>1</Index>
         </Inport>
         <Inport IsInsideContract="0" IsNotInSimulink="0" VariableName="B_1">
            <OriginPath>swim_12B_with_contracts_PP/swim_12B_SWIMSpec/spec156_operator/B</OriginPath>
            <PortNumber>1</PortNumber>
            <PortType>Outports</PortType>
            <Width>1</Width>
            <Index>1</Index>
         </Inport>
      </InputList>
      <OutputList>
         <Outport IsInsideContract="0" IsNotInSimulink="0" VariableName="A_equal__equal__gt_B_1">
            <OriginPath>swim_12B_with_contracts_PP/swim_12B_SWIMSpec/spec156_operator/A_equal__equal__gt_B</OriginPath>
            <PortNumber>1</PortNumber>
            <PortType>Outports</PortType>
            <Width>1</Width>
            <Index>1</Index>
         </Outport>
      </OutputList>
      <VarList>
         <Variable IsInsideContract="0" IsNotInSimulink="0"
                   VariableName="Logical_newline_Operator_1">
            <OriginPath>swim_12B_with_contracts_PP/swim_12B_SWIMSpec/spec156_operator/Logical_newline_Operator</OriginPath>
            <PortNumber>1</PortNumber>
            <PortType>Outports</PortType>
            <Width>1</Width>
            <Index>1</Index>
         </Variable>
         <Variable IsInsideContract="0" IsNotInSimulink="0"
                   VariableName="Logical_newline_Operator1_1">
            <OriginPath>swim_12B_with_contracts_PP/swim_12B_SWIMSpec/spec156_operator/Logical_newline_Operator1</OriginPath>
            <PortNumber>1</PortNumber>
            <PortType>Outports</PortType>
            <Width>1</Width>
            <Index>1</Index>
         </Variable>
      </VarList>
   </Node>
   <Node IsContract="0" NodeName="spec170_operator_357_035"
         OriginPath="swim_12B_with_contracts_PP/swim_12B_SWIMSpec/spec170_operator">
      <InputList>
         <Inport IsInsideContract="0" IsNotInSimulink="0" VariableName="A_1">
            <OriginPath>swim_12B_with_contracts_PP/swim_12B_SWIMSpec/spec170_operator/A</OriginPath>
            <PortNumber>1</PortNumber>
            <PortType>Outports</PortType>
            <Width>1</Width>
            <Index>1</Index>
         </Inport>
         <Inport IsInsideContract="0" IsNotInSimulink="0" VariableName="B_1">
            <OriginPath>swim_12B_with_contracts_PP/swim_12B_SWIMSpec/spec170_operator/B</OriginPath>
            <PortNumber>1</PortNumber>
            <PortType>Outports</PortType>
            <Width>1</Width>
            <Index>1</Index>
         </Inport>
      </InputList>
      <OutputList>
         <Outport IsInsideContract="0" IsNotInSimulink="0" VariableName="A_equal__equal__gt_B_1">
            <OriginPath>swim_12B_with_contracts_PP/swim_12B_SWIMSpec/spec170_operator/A_equal__equal__gt_B</OriginPath>
            <PortNumber>1</PortNumber>
            <PortType>Outports</PortType>
            <Width>1</Width>
            <Index>1</Index>
         </Outport>
      </OutputList>
      <VarList>
         <Variable IsInsideContract="0" IsNotInSimulink="0"
                   VariableName="Logical_newline_Operator_1">
            <OriginPath>swim_12B_with_contracts_PP/swim_12B_SWIMSpec/spec170_operator/Logical_newline_Operator</OriginPath>
            <PortNumber>1</PortNumber>
            <PortType>Outports</PortType>
            <Width>1</Width>
            <Index>1</Index>
         </Variable>
         <Variable IsInsideContract="0" IsNotInSimulink="0"
                   VariableName="Logical_newline_Operator1_1">
            <OriginPath>swim_12B_with_contracts_PP/swim_12B_SWIMSpec/spec170_operator/Logical_newline_Operator1</OriginPath>
            <PortNumber>1</PortNumber>
            <PortType>Outports</PortType>
            <Width>1</Width>
            <Index>1</Index>
         </Variable>
      </VarList>
   </Node>
   <Node IsContract="1" NodeName="swim_12B_SWIMSpec_328_035"
         OriginPath="swim_12B_with_contracts_PP/swim_12B_SWIMSpec">
      <InputList>
         <Inport IsInsideContract="1" IsNotInSimulink="0" VariableName="SWIMSpec_weight_1">
            <OriginPath>swim_12B_with_contracts_PP/swim_12B_SWIMSpec/SWIMSpec_weight</OriginPath>
            <PortNumber>1</PortNumber>
            <PortType>Outports</PortType>
            <Width>1</Width>
            <Index>1</Index>
         </Inport>
         <Inport IsInsideContract="1" IsNotInSimulink="0" VariableName="SWIMSpec_storeCat_1">
            <OriginPath>swim_12B_with_contracts_PP/swim_12B_SWIMSpec/SWIMSpec_storeCat</OriginPath>
            <PortNumber>1</PortNumber>
            <PortType>Outports</PortType>
            <Width>1</Width>
            <Index>1</Index>
         </Inport>
         <Inport IsInsideContract="1" IsNotInSimulink="0" VariableName="SWIMSpec_vehAirPress_1">
            <OriginPath>swim_12B_with_contracts_PP/swim_12B_SWIMSpec/SWIMSpec_vehAirPress</OriginPath>
            <PortNumber>1</PortNumber>
            <PortType>Outports</PortType>
            <Width>1</Width>
            <Index>1</Index>
         </Inport>
         <Inport IsInsideContract="1" IsNotInSimulink="0"
                 VariableName="SWIMSpec_CalAirspeedMin_1">
            <OriginPath>swim_12B_with_contracts_PP/swim_12B_SWIMSpec/SWIMSpec_CalAirspeedMin</OriginPath>
            <PortNumber>1</PortNumber>
            <PortType>Outports</PortType>
            <Width>1</Width>
            <Index>1</Index>
         </Inport>
         <Inport IsInsideContract="1" IsNotInSimulink="0"
                 VariableName="SWIMSpec_lowSpeedWarningAllowed_1">
            <OriginPath>swim_12B_with_contracts_PP/swim_12B_SWIMSpec/SWIMSpec_lowSpeedWarningAllowed</OriginPath>
            <PortNumber>1</PortNumber>
            <PortType>Outports</PortType>
            <Width>1</Width>
            <Index>1</Index>
         </Inport>
         <Inport IsInsideContract="1" IsNotInSimulink="0"
                 VariableName="SWIMSpec_swimGet_agcasLowSpeedWarn_1">
            <OriginPath>swim_12B_with_contracts_PP/swim_12B_SWIMSpec/SWIMSpec_swimGet_agcasLowSpeedWarn</OriginPath>
            <PortNumber>1</PortNumber>
            <PortType>Outports</PortType>
            <Width>1</Width>
            <Index>1</Index>
         </Inport>
         <Inport IsInsideContract="1" IsNotInSimulink="0"
                 VariableName="SWIMSpec_warningTrigForMinPress_1">
            <OriginPath>swim_12B_with_contracts_PP/swim_12B_SWIMSpec/SWIMSpec_warningTrigForMinPress</OriginPath>
            <PortNumber>1</PortNumber>
            <PortType>Outports</PortType>
            <Width>1</Width>
            <Index>1</Index>
         </Inport>
      </InputList>
      <OutputList>
         <Outport IsInsideContract="1" IsNotInSimulink="0" VariableName="valid_1">
            <OriginPath>swim_12B_with_contracts_PP/swim_12B_SWIMSpec/valid</OriginPath>
            <PortNumber>1</PortNumber>
            <PortType>Outports</PortType>
            <Width>1</Width>
            <Index>1</Index>
         </Outport>
      </OutputList>
      <VarList>
         <Variable IsInsideContract="1" IsNotInSimulink="0" VariableName="SWIM_minus_001A_1">
            <OriginPath>swim_12B_with_contracts_PP/swim_12B_SWIMSpec/SWIM_minus_001A</OriginPath>
            <PortNumber>1</PortNumber>
            <PortType>Outports</PortType>
            <Width>1</Width>
            <Index>1</Index>
         </Variable>
         <Variable IsInsideContract="1" IsNotInSimulink="0" VariableName="SWIM_minus_001B_1">
            <OriginPath>swim_12B_with_contracts_PP/swim_12B_SWIMSpec/SWIM_minus_001B</OriginPath>
            <PortNumber>1</PortNumber>
            <PortType>Outports</PortType>
            <Width>1</Width>
            <Index>1</Index>
         </Variable>
         <Variable IsInsideContract="1" IsNotInSimulink="0" VariableName="SWIM_minus_002_1">
            <OriginPath>swim_12B_with_contracts_PP/swim_12B_SWIMSpec/SWIM_minus_002</OriginPath>
            <PortNumber>1</PortNumber>
            <PortType>Outports</PortType>
            <Width>1</Width>
            <Index>1</Index>
         </Variable>
         <Variable IsInsideContract="1" IsNotInSimulink="0" VariableName="assume_1">
            <OriginPath>swim_12B_with_contracts_PP/swim_12B_SWIMSpec/assume</OriginPath>
            <PortNumber>1</PortNumber>
            <PortType>Outports</PortType>
            <Width>1</Width>
            <Index>1</Index>
         </Variable>
         <Variable IsInsideContract="1" IsNotInSimulink="0"
                   VariableName="lowSpeedWarningTrue_operator_1">
            <OriginPath>swim_12B_with_contracts_PP/swim_12B_SWIMSpec/lowSpeedWarningTrue_operator</OriginPath>
            <PortNumber>1</PortNumber>
            <PortType>Outports</PortType>
            <Width>1</Width>
            <Index>1</Index>
         </Variable>
         <Variable IsInsideContract="1" IsNotInSimulink="0" VariableName="spec122_operator_1">
            <OriginPath>swim_12B_with_contracts_PP/swim_12B_SWIMSpec/spec122_operator</OriginPath>
            <PortNumber>1</PortNumber>
            <PortType>Outports</PortType>
            <Width>1</Width>
            <Index>1</Index>
         </Variable>
         <Variable IsInsideContract="1" IsNotInSimulink="0" VariableName="spec122_rhs_2_1">
            <OriginPath>swim_12B_with_contracts_PP/swim_12B_SWIMSpec/spec122_rhs_2</OriginPath>
            <PortNumber>1</PortNumber>
            <PortType>Outports</PortType>
            <Width>1</Width>
            <Index>1</Index>
         </Variable>
         <Variable IsInsideContract="1" IsNotInSimulink="0" VariableName="spec139_operator_1">
            <OriginPath>swim_12B_with_contracts_PP/swim_12B_SWIMSpec/spec139_operator</OriginPath>
            <PortNumber>1</PortNumber>
            <PortType>Outports</PortType>
            <Width>1</Width>
            <Index>1</Index>
         </Variable>
         <Variable IsInsideContract="1" IsNotInSimulink="0" VariableName="spec156_operator_1">
            <OriginPath>swim_12B_with_contracts_PP/swim_12B_SWIMSpec/spec156_operator</OriginPath>
            <PortNumber>1</PortNumber>
            <PortType>Outports</PortType>
            <Width>1</Width>
            <Index>1</Index>
         </Variable>
         <Variable IsInsideContract="1" IsNotInSimulink="0" VariableName="spec170_operator_1">
            <OriginPath>swim_12B_with_contracts_PP/swim_12B_SWIMSpec/spec170_operator</OriginPath>
            <PortNumber>1</PortNumber>
            <PortType>Outports</PortType>
            <Width>1</Width>
            <Index>1</Index>
         </Variable>
         <Variable IsInsideContract="1" IsNotInSimulink="0"
                   VariableName="sqrtOfWeight_sqrt_call_1">
            <OriginPath>swim_12B_with_contracts_PP/swim_12B_SWIMSpec/sqrtOfWeight_sqrt_call</OriginPath>
            <PortNumber>1</PortNumber>
            <PortType>Outports</PortType>
            <Width>1</Width>
            <Index>1</Index>
         </Variable>
         <Variable IsInsideContract="1" IsNotInSimulink="0"
                   VariableName="xxSWIMSpec_10_operator_1">
            <OriginPath>swim_12B_with_contracts_PP/swim_12B_SWIMSpec/xxSWIMSpec_10_operator</OriginPath>
            <PortNumber>1</PortNumber>
            <PortType>Outports</PortType>
            <Width>1</Width>
            <Index>1</Index>
         </Variable>
         <Variable IsInsideContract="1" IsNotInSimulink="0"
                   VariableName="xxSWIMSpec_11_operator_1">
            <OriginPath>swim_12B_with_contracts_PP/swim_12B_SWIMSpec/xxSWIMSpec_11_operator</OriginPath>
            <PortNumber>1</PortNumber>
            <PortType>Outports</PortType>
            <Width>1</Width>
            <Index>1</Index>
         </Variable>
         <Variable IsInsideContract="1" IsNotInSimulink="0" VariableName="xxSWIMSpec_12_rhs_1">
            <OriginPath>swim_12B_with_contracts_PP/swim_12B_SWIMSpec/xxSWIMSpec_12_rhs</OriginPath>
            <PortNumber>1</PortNumber>
            <PortType>Outports</PortType>
            <Width>1</Width>
            <Index>1</Index>
         </Variable>
         <Variable IsInsideContract="1" IsNotInSimulink="0" VariableName="xxSWIMSpec_13_rhs_1">
            <OriginPath>swim_12B_with_contracts_PP/swim_12B_SWIMSpec/xxSWIMSpec_13_rhs</OriginPath>
            <PortNumber>1</PortNumber>
            <PortType>Outports</PortType>
            <Width>1</Width>
            <Index>1</Index>
         </Variable>
         <Variable IsInsideContract="1" IsNotInSimulink="0" VariableName="xxSWIMSpec_14_rhs_1">
            <OriginPath>swim_12B_with_contracts_PP/swim_12B_SWIMSpec/xxSWIMSpec_14_rhs</OriginPath>
            <PortNumber>1</PortNumber>
            <PortType>Outports</PortType>
            <Width>1</Width>
            <Index>1</Index>
         </Variable>
         <Variable IsInsideContract="1" IsNotInSimulink="0" VariableName="xxSWIMSpec_1_operator_1">
            <OriginPath>swim_12B_with_contracts_PP/swim_12B_SWIMSpec/xxSWIMSpec_1_operator</OriginPath>
            <PortNumber>1</PortNumber>
            <PortType>Outports</PortType>
            <Width>1</Width>
            <Index>1</Index>
         </Variable>
         <Variable IsInsideContract="1" IsNotInSimulink="0" VariableName="xxSWIMSpec_2_operator_1">
            <OriginPath>swim_12B_with_contracts_PP/swim_12B_SWIMSpec/xxSWIMSpec_2_operator</OriginPath>
            <PortNumber>1</PortNumber>
            <PortType>Outports</PortType>
            <Width>1</Width>
            <Index>1</Index>
         </Variable>
         <Variable IsInsideContract="1" IsNotInSimulink="0" VariableName="xxSWIMSpec_2_rhs_2_1">
            <OriginPath>swim_12B_with_contracts_PP/swim_12B_SWIMSpec/xxSWIMSpec_2_rhs_2</OriginPath>
            <PortNumber>1</PortNumber>
            <PortType>Outports</PortType>
            <Width>1</Width>
            <Index>1</Index>
         </Variable>
         <Variable IsInsideContract="1" IsNotInSimulink="0" VariableName="xxSWIMSpec_3_operator_1">
            <OriginPath>swim_12B_with_contracts_PP/swim_12B_SWIMSpec/xxSWIMSpec_3_operator</OriginPath>
            <PortNumber>1</PortNumber>
            <PortType>Outports</PortType>
            <Width>1</Width>
            <Index>1</Index>
         </Variable>
         <Variable IsInsideContract="1" IsNotInSimulink="0" VariableName="xxSWIMSpec_4_operator_1">
            <OriginPath>swim_12B_with_contracts_PP/swim_12B_SWIMSpec/xxSWIMSpec_4_operator</OriginPath>
            <PortNumber>1</PortNumber>
            <PortType>Outports</PortType>
            <Width>1</Width>
            <Index>1</Index>
         </Variable>
         <Variable IsInsideContract="1" IsNotInSimulink="0" VariableName="xxSWIMSpec_4_rhs_1_1">
            <OriginPath>swim_12B_with_contracts_PP/swim_12B_SWIMSpec/xxSWIMSpec_4_rhs_1</OriginPath>
            <PortNumber>1</PortNumber>
            <PortType>Outports</PortType>
            <Width>1</Width>
            <Index>1</Index>
         </Variable>
         <Variable IsInsideContract="1" IsNotInSimulink="0" VariableName="xxSWIMSpec_5_operator_1">
            <OriginPath>swim_12B_with_contracts_PP/swim_12B_SWIMSpec/xxSWIMSpec_5_operator</OriginPath>
            <PortNumber>1</PortNumber>
            <PortType>Outports</PortType>
            <Width>1</Width>
            <Index>1</Index>
         </Variable>
         <Variable IsInsideContract="1" IsNotInSimulink="0" VariableName="xxSWIMSpec_5_rhs_2_1">
            <OriginPath>swim_12B_with_contracts_PP/swim_12B_SWIMSpec/xxSWIMSpec_5_rhs_2</OriginPath>
            <PortNumber>1</PortNumber>
            <PortType>Outports</PortType>
            <Width>1</Width>
            <Index>1</Index>
         </Variable>
         <Variable IsInsideContract="1" IsNotInSimulink="0" VariableName="xxSWIMSpec_6_operator_1">
            <OriginPath>swim_12B_with_contracts_PP/swim_12B_SWIMSpec/xxSWIMSpec_6_operator</OriginPath>
            <PortNumber>1</PortNumber>
            <PortType>Outports</PortType>
            <Width>1</Width>
            <Index>1</Index>
         </Variable>
         <Variable IsInsideContract="1" IsNotInSimulink="0" VariableName="xxSWIMSpec_7_operator_1">
            <OriginPath>swim_12B_with_contracts_PP/swim_12B_SWIMSpec/xxSWIMSpec_7_operator</OriginPath>
            <PortNumber>1</PortNumber>
            <PortType>Outports</PortType>
            <Width>1</Width>
            <Index>1</Index>
         </Variable>
         <Variable IsInsideContract="1" IsNotInSimulink="0" VariableName="xxSWIMSpec_8_operator_1">
            <OriginPath>swim_12B_with_contracts_PP/swim_12B_SWIMSpec/xxSWIMSpec_8_operator</OriginPath>
            <PortNumber>1</PortNumber>
            <PortType>Outports</PortType>
            <Width>1</Width>
            <Index>1</Index>
         </Variable>
         <Variable IsInsideContract="1" IsNotInSimulink="0" VariableName="xxSWIMSpec_8_rhs_1_1">
            <OriginPath>swim_12B_with_contracts_PP/swim_12B_SWIMSpec/xxSWIMSpec_8_rhs_1</OriginPath>
            <PortNumber>1</PortNumber>
            <PortType>Outports</PortType>
            <Width>1</Width>
            <Index>1</Index>
         </Variable>
         <Variable IsInsideContract="1" IsNotInSimulink="0" VariableName="xxSWIMSpec_9_operator_1">
            <OriginPath>swim_12B_with_contracts_PP/swim_12B_SWIMSpec/xxSWIMSpec_9_operator</OriginPath>
            <PortNumber>1</PortNumber>
            <PortType>Outports</PortType>
            <Width>1</Width>
            <Index>1</Index>
         </Variable>
         <Variable IsInsideContract="1" IsNotInSimulink="0" VariableName="xxSWIMSpec_9_rhs_2_1">
            <OriginPath>swim_12B_with_contracts_PP/swim_12B_SWIMSpec/xxSWIMSpec_9_rhs_2</OriginPath>
            <PortNumber>1</PortNumber>
            <PortType>Outports</PortType>
            <Width>1</Width>
            <Index>1</Index>
         </Variable>
      </VarList>
   </Node>
   <Property OriginPath="swim_12B_with_contracts_PP/swim_12B_SWIMSpec/SWIM_minus_001A"
             ParentName="swim_12B_SWIMSpec_328_035"
             PropertyName="SWIM_minus_001A_340_035"
             PropertyType="guarantee"/>
   <Property OriginPath="swim_12B_with_contracts_PP/swim_12B_SWIMSpec/SWIM_minus_001B"
             ParentName="swim_12B_SWIMSpec_328_035"
             PropertyName="SWIM_minus_001B_344_035"
             PropertyType="guarantee"/>
   <Property OriginPath="swim_12B_with_contracts_PP/swim_12B_SWIMSpec/SWIM_minus_002"
             ParentName="swim_12B_SWIMSpec_328_035"
             PropertyName="SWIM_minus_002_348_035"
             PropertyType="guarantee"/>
   <Property OriginPath="swim_12B_with_contracts_PP/swim_12B_SWIMSpec/assume"
             ParentName="swim_12B_SWIMSpec_328_035"
             PropertyName="assume_336_035"
             PropertyType="assume"/>
   <Node IsContract="0" NodeName="IfActionSubsystem_442_035"
         OriginPath="swim_12B_with_contracts_PP/swim_airspeed/AirspeedMonitoring/IfActionSubsystem">
      <InputList/>
      <OutputList>
         <Outport IsInsideContract="0" IsNotInSimulink="0"
                  VariableName="SWIM_AirspeedWarningAllowed_1">
            <OriginPath>swim_12B_with_contracts_PP/swim_airspeed/AirspeedMonitoring/IfActionSubsystem/SWIM_AirspeedWarningAllowed</OriginPath>
            <PortNumber>1</PortNumber>
            <PortType>Outports</PortType>
            <Width>1</Width>
            <Index>1</Index>
         </Outport>
      </OutputList>
      <VarList>
         <Variable IsInsideContract="0" IsNotInSimulink="0" VariableName="Constant_1">
            <OriginPath>swim_12B_with_contracts_PP/swim_airspeed/AirspeedMonitoring/IfActionSubsystem/Constant</OriginPath>
            <PortNumber>1</PortNumber>
            <PortType>Outports</PortType>
            <Width>1</Width>
            <Index>1</Index>
         </Variable>
      </VarList>
   </Node>
   <Node IsContract="0" NodeName="IfActionSubsystem_442_035"
         OriginPath="swim_12B_with_contracts_PP/swim_airspeed/AirspeedMonitoring/IfActionSubsystem">
      <InputList/>
      <OutputList>
         <Outport IsInsideContract="0" IsNotInSimulink="0"
                  VariableName="SWIM_AirspeedWarningAllowed_1">
            <OriginPath>swim_12B_with_contracts_PP/swim_airspeed/AirspeedMonitoring/IfActionSubsystem/SWIM_AirspeedWarningAllowed</OriginPath>
            <PortNumber>1</PortNumber>
            <PortType>Outports</PortType>
            <Width>1</Width>
            <Index>1</Index>
         </Outport>
      </OutputList>
   </Node>
   <Node IsContract="0" NodeName="IfActionSubsystem1_447_035"
         OriginPath="swim_12B_with_contracts_PP/swim_airspeed/AirspeedMonitoring/IfActionSubsystem1">
      <InputList>
         <Inport IsInsideContract="0" IsNotInSimulink="0" VariableName="In1_1">
            <OriginPath>swim_12B_with_contracts_PP/swim_airspeed/AirspeedMonitoring/IfActionSubsystem1/In1</OriginPath>
            <PortNumber>1</PortNumber>
            <PortType>Outports</PortType>
            <Width>1</Width>
            <Index>1</Index>
         </Inport>
      </InputList>
      <OutputList>
         <Outport IsInsideContract="0" IsNotInSimulink="0" VariableName="Out1_1">
            <OriginPath>swim_12B_with_contracts_PP/swim_airspeed/AirspeedMonitoring/IfActionSubsystem1/Out1</OriginPath>
            <PortNumber>1</PortNumber>
            <PortType>Outports</PortType>
            <Width>1</Width>
            <Index>1</Index>
         </Outport>
      </OutputList>
      <VarList/>
   </Node>
   <Node IsContract="0" NodeName="IfActionSubsystem1_447_035"
         OriginPath="swim_12B_with_contracts_PP/swim_airspeed/AirspeedMonitoring/IfActionSubsystem1">
      <InputList>
         <Inport IsInsideContract="0" IsNotInSimulink="0" VariableName="In1_1">
            <OriginPath>swim_12B_with_contracts_PP/swim_airspeed/AirspeedMonitoring/IfActionSubsystem1/In1</OriginPath>
            <PortNumber>1</PortNumber>
            <PortType>Outports</PortType>
            <Width>1</Width>
            <Index>1</Index>
         </Inport>
      </InputList>
      <OutputList>
         <Outport IsInsideContract="0" IsNotInSimulink="0" VariableName="Out1_1">
            <OriginPath>swim_12B_with_contracts_PP/swim_airspeed/AirspeedMonitoring/IfActionSubsystem1/Out1</OriginPath>
            <PortNumber>1</PortNumber>
            <PortType>Outports</PortType>
            <Width>1</Width>
            <Index>1</Index>
         </Outport>
      </OutputList>
   </Node>
   <Node IsContract="0" NodeName="IfActionSubsystem2_452_035"
         OriginPath="swim_12B_with_contracts_PP/swim_airspeed/AirspeedMonitoring/IfActionSubsystem2">
      <InputList/>
      <OutputList>
         <Outport IsInsideContract="0" IsNotInSimulink="0"
                  VariableName="SWIM_AirspeedWarningAllowed_1">
            <OriginPath>swim_12B_with_contracts_PP/swim_airspeed/AirspeedMonitoring/IfActionSubsystem2/SWIM_AirspeedWarningAllowed</OriginPath>
            <PortNumber>1</PortNumber>
            <PortType>Outports</PortType>
            <Width>1</Width>
            <Index>1</Index>
         </Outport>
      </OutputList>
      <VarList>
         <Variable IsInsideContract="0" IsNotInSimulink="0" VariableName="Constant_1">
            <OriginPath>swim_12B_with_contracts_PP/swim_airspeed/AirspeedMonitoring/IfActionSubsystem2/Constant</OriginPath>
            <PortNumber>1</PortNumber>
            <PortType>Outports</PortType>
            <Width>1</Width>
            <Index>1</Index>
         </Variable>
      </VarList>
   </Node>
   <Node IsContract="0" NodeName="IfActionSubsystem2_452_035"
         OriginPath="swim_12B_with_contracts_PP/swim_airspeed/AirspeedMonitoring/IfActionSubsystem2">
      <InputList/>
      <OutputList>
         <Outport IsInsideContract="0" IsNotInSimulink="0"
                  VariableName="SWIM_AirspeedWarningAllowed_1">
            <OriginPath>swim_12B_with_contracts_PP/swim_airspeed/AirspeedMonitoring/IfActionSubsystem2/SWIM_AirspeedWarningAllowed</OriginPath>
            <PortNumber>1</PortNumber>
            <PortType>Outports</PortType>
            <Width>1</Width>
            <Index>1</Index>
         </Outport>
      </OutputList>
   </Node>
   <Node IsContract="0" NodeName="IfActionSubsystem3_457_035"
         OriginPath="swim_12B_with_contracts_PP/swim_airspeed/AirspeedMonitoring/IfActionSubsystem3">
      <InputList>
         <Inport IsInsideContract="0" IsNotInSimulink="0" VariableName="In1_1">
            <OriginPath>swim_12B_with_contracts_PP/swim_airspeed/AirspeedMonitoring/IfActionSubsystem3/In1</OriginPath>
            <PortNumber>1</PortNumber>
            <PortType>Outports</PortType>
            <Width>1</Width>
            <Index>1</Index>
         </Inport>
      </InputList>
      <OutputList>
         <Outport IsInsideContract="0" IsNotInSimulink="0" VariableName="Out1_1">
            <OriginPath>swim_12B_with_contracts_PP/swim_airspeed/AirspeedMonitoring/IfActionSubsystem3/Out1</OriginPath>
            <PortNumber>1</PortNumber>
            <PortType>Outports</PortType>
            <Width>1</Width>
            <Index>1</Index>
         </Outport>
      </OutputList>
      <VarList/>
   </Node>
   <Node IsContract="0" NodeName="IfActionSubsystem3_457_035"
         OriginPath="swim_12B_with_contracts_PP/swim_airspeed/AirspeedMonitoring/IfActionSubsystem3">
      <InputList>
         <Inport IsInsideContract="0" IsNotInSimulink="0" VariableName="In1_1">
            <OriginPath>swim_12B_with_contracts_PP/swim_airspeed/AirspeedMonitoring/IfActionSubsystem3/In1</OriginPath>
            <PortNumber>1</PortNumber>
            <PortType>Outports</PortType>
            <Width>1</Width>
            <Index>1</Index>
         </Inport>
      </InputList>
      <OutputList>
         <Outport IsInsideContract="0" IsNotInSimulink="0" VariableName="Out1_1">
            <OriginPath>swim_12B_with_contracts_PP/swim_airspeed/AirspeedMonitoring/IfActionSubsystem3/Out1</OriginPath>
            <PortNumber>1</PortNumber>
            <PortType>Outports</PortType>
            <Width>1</Width>
            <Index>1</Index>
         </Outport>
      </OutputList>
   </Node>
   <Node IsContract="0" NodeName="AirspeedMonitoring_435_035"
         OriginPath="swim_12B_with_contracts_PP/swim_airspeed/AirspeedMonitoring">
      <InputList>
         <Inport IsInsideContract="0" IsNotInSimulink="0"
                 VariableName="S_ImpactPressure_lbspft2_1">
            <OriginPath>swim_12B_with_contracts_PP/swim_airspeed/AirspeedMonitoring/S_ImpactPressure_lbspft2</OriginPath>
            <PortNumber>1</PortNumber>
            <PortType>Outports</PortType>
            <Width>1</Width>
            <Index>1</Index>
         </Inport>
         <Inport IsInsideContract="0" IsNotInSimulink="0" VariableName="SWIM_Qcmin_lbspft2_1">
            <OriginPath>swim_12B_with_contracts_PP/swim_airspeed/AirspeedMonitoring/SWIM_Qcmin_lbspft2</OriginPath>
            <PortNumber>1</PortNumber>
            <PortType>Outports</PortType>
            <Width>1</Width>
            <Index>1</Index>
         </Inport>
         <Inport IsInsideContract="0" IsNotInSimulink="0"
                 VariableName="diGet_S_LandingGearAltFlap_1">
            <OriginPath>swim_12B_with_contracts_PP/swim_airspeed/AirspeedMonitoring/diGet_S_LandingGearAltFlap</OriginPath>
            <PortNumber>1</PortNumber>
            <PortType>Outports</PortType>
            <Width>1</Width>
            <Index>1</Index>
         </Inport>
      </InputList>
      <OutputList>
         <Outport IsInsideContract="0" IsNotInSimulink="0"
                  VariableName="SWIM_AirspeedWarningAllowed_1">
            <OriginPath>swim_12B_with_contracts_PP/swim_airspeed/AirspeedMonitoring/SWIM_AirspeedWarningAllowed</OriginPath>
            <PortNumber>1</PortNumber>
            <PortType>Outports</PortType>
            <Width>1</Width>
            <Index>1</Index>
         </Outport>
      </OutputList>
      <VarList>
         <Variable IsInsideContract="0" IsNotInSimulink="0" VariableName="Constant1_1">
            <OriginPath>swim_12B_with_contracts_PP/swim_airspeed/AirspeedMonitoring/Constant1</OriginPath>
            <PortNumber>1</PortNumber>
            <PortType>Outports</PortType>
            <Width>1</Width>
            <Index>1</Index>
         </Variable>
         <Variable IsInsideContract="0" IsNotInSimulink="0" VariableName="Constant2_1">
            <OriginPath>swim_12B_with_contracts_PP/swim_airspeed/AirspeedMonitoring/Constant2</OriginPath>
            <PortNumber>1</PortNumber>
            <PortType>Outports</PortType>
            <Width>1</Width>
            <Index>1</Index>
         </Variable>
         <Variable IsInsideContract="0" IsNotInSimulink="0" VariableName="If_1">
            <OriginPath>swim_12B_with_contracts_PP/swim_airspeed/AirspeedMonitoring/If</OriginPath>
            <PortNumber>1</PortNumber>
            <PortType>Outports</PortType>
            <Width>1</Width>
            <Index>1</Index>
         </Variable>
         <Variable IsInsideContract="0" IsNotInSimulink="0" VariableName="If_2">
            <OriginPath>swim_12B_with_contracts_PP/swim_airspeed/AirspeedMonitoring/If</OriginPath>
            <PortNumber>2</PortNumber>
            <PortType>Outports</PortType>
            <Width>1</Width>
            <Index>1</Index>
         </Variable>
         <Variable IsInsideContract="0" IsNotInSimulink="0" VariableName="If1_1">
            <OriginPath>swim_12B_with_contracts_PP/swim_airspeed/AirspeedMonitoring/If1</OriginPath>
            <PortNumber>1</PortNumber>
            <PortType>Outports</PortType>
            <Width>1</Width>
            <Index>1</Index>
         </Variable>
         <Variable IsInsideContract="0" IsNotInSimulink="0" VariableName="If1_2">
            <OriginPath>swim_12B_with_contracts_PP/swim_airspeed/AirspeedMonitoring/If1</OriginPath>
            <PortNumber>2</PortNumber>
            <PortType>Outports</PortType>
            <Width>1</Width>
            <Index>1</Index>
         </Variable>
         <Variable IsInsideContract="0" IsNotInSimulink="0" VariableName="IfActionSubsystem_1">
            <OriginPath>swim_12B_with_contracts_PP/swim_airspeed/AirspeedMonitoring/IfActionSubsystem</OriginPath>
            <PortNumber>1</PortNumber>
            <PortType>Outports</PortType>
            <Width>1</Width>
            <Index>1</Index>
         </Variable>
         <Variable IsInsideContract="0" IsNotInSimulink="0" VariableName="IfActionSubsystem1_1">
            <OriginPath>swim_12B_with_contracts_PP/swim_airspeed/AirspeedMonitoring/IfActionSubsystem1</OriginPath>
            <PortNumber>1</PortNumber>
            <PortType>Outports</PortType>
            <Width>1</Width>
            <Index>1</Index>
         </Variable>
         <Variable IsInsideContract="0" IsNotInSimulink="0" VariableName="IfActionSubsystem2_1">
            <OriginPath>swim_12B_with_contracts_PP/swim_airspeed/AirspeedMonitoring/IfActionSubsystem2</OriginPath>
            <PortNumber>1</PortNumber>
            <PortType>Outports</PortType>
            <Width>1</Width>
            <Index>1</Index>
         </Variable>
         <Variable IsInsideContract="0" IsNotInSimulink="0" VariableName="IfActionSubsystem3_1">
            <OriginPath>swim_12B_with_contracts_PP/swim_airspeed/AirspeedMonitoring/IfActionSubsystem3</OriginPath>
            <PortNumber>1</PortNumber>
            <PortType>Outports</PortType>
            <Width>1</Width>
            <Index>1</Index>
         </Variable>
         <Variable IsInsideContract="0" IsNotInSimulink="0" VariableName="LogicalOperator_1">
            <OriginPath>swim_12B_with_contracts_PP/swim_airspeed/AirspeedMonitoring/LogicalOperator</OriginPath>
            <PortNumber>1</PortNumber>
            <PortType>Outports</PortType>
            <Width>1</Width>
            <Index>1</Index>
         </Variable>
         <Variable IsInsideContract="0" IsNotInSimulink="0" VariableName="Merge_1">
            <OriginPath>swim_12B_with_contracts_PP/swim_airspeed/AirspeedMonitoring/Merge</OriginPath>
            <PortNumber>1</PortNumber>
            <PortType>Outports</PortType>
            <Width>1</Width>
            <Index>1</Index>
         </Variable>
         <Variable IsInsideContract="0" IsNotInSimulink="0" VariableName="Merge1_1">
            <OriginPath>swim_12B_with_contracts_PP/swim_airspeed/AirspeedMonitoring/Merge1</OriginPath>
            <PortNumber>1</PortNumber>
            <PortType>Outports</PortType>
            <Width>1</Width>
            <Index>1</Index>
         </Variable>
         <Variable IsInsideContract="0" IsNotInSimulink="0" VariableName="RelationalOperator_1">
            <OriginPath>swim_12B_with_contracts_PP/swim_airspeed/AirspeedMonitoring/RelationalOperator</OriginPath>
            <PortNumber>1</PortNumber>
            <PortType>Outports</PortType>
            <Width>1</Width>
            <Index>1</Index>
         </Variable>
         <Variable IsInsideContract="0" IsNotInSimulink="0" VariableName="RelationalOperator2_1">
            <OriginPath>swim_12B_with_contracts_PP/swim_airspeed/AirspeedMonitoring/RelationalOperator2</OriginPath>
            <PortNumber>1</PortNumber>
            <PortType>Outports</PortType>
            <Width>1</Width>
            <Index>1</Index>
         </Variable>
         <Variable IsInsideContract="0" IsNotInSimulink="0" VariableName="RelationalOperator3_1">
            <OriginPath>swim_12B_with_contracts_PP/swim_airspeed/AirspeedMonitoring/RelationalOperator3</OriginPath>
            <PortNumber>1</PortNumber>
            <PortType>Outports</PortType>
            <Width>1</Width>
            <Index>1</Index>
         </Variable>
         <Variable IsInsideContract="0" IsNotInSimulink="0" VariableName="UnitDelay_1">
            <OriginPath>swim_12B_with_contracts_PP/swim_airspeed/AirspeedMonitoring/UnitDelay</OriginPath>
            <PortNumber>1</PortNumber>
            <PortType>Outports</PortType>
            <Width>1</Width>
            <Index>1</Index>
         </Variable>
      </VarList>
   </Node>
   <Node IsContract="0"
         NodeName="CalculateminimumimpactpressureforAGCASoperationtobesuspendedandsenttostandby_495_035"
         OriginPath="swim_12B_with_contracts_PP/swim_airspeed/CalculateminimumimpactpressureforAGCASoperationtobesuspendedandsenttostandby">
      <InputList>
         <Inport IsInsideContract="0" IsNotInSimulink="0" VariableName="SWIM_Qcmin_lbspft2_1">
            <OriginPath>swim_12B_with_contracts_PP/swim_airspeed/CalculateminimumimpactpressureforAGCASoperationtobesuspendedandsenttostandby/SWIM_Qcmin_lbspft2</OriginPath>
            <PortNumber>1</PortNumber>
            <PortType>Outports</PortType>
            <Width>1</Width>
            <Index>1</Index>
         </Inport>
      </InputList>
      <OutputList>
         <Outport IsInsideContract="0" IsNotInSimulink="0"
                  VariableName="o_SWIM_QcMinDisable_lbspft2_1">
            <OriginPath>swim_12B_with_contracts_PP/swim_airspeed/CalculateminimumimpactpressureforAGCASoperationtobesuspendedandsenttostandby/o_SWIM_QcMinDisable_lbspft2</OriginPath>
            <PortNumber>1</PortNumber>
            <PortType>Outports</PortType>
            <Width>1</Width>
            <Index>1</Index>
         </Outport>
      </OutputList>
      <VarList>
         <Variable IsInsideContract="0" IsNotInSimulink="0" VariableName="Constant_1">
            <OriginPath>swim_12B_with_contracts_PP/swim_airspeed/CalculateminimumimpactpressureforAGCASoperationtobesuspendedandsenttostandby/Constant</OriginPath>
            <PortNumber>1</PortNumber>
            <PortType>Outports</PortType>
            <Width>1</Width>
            <Index>1</Index>
         </Variable>
         <Variable IsInsideContract="0" IsNotInSimulink="0" VariableName="Sum_1">
            <OriginPath>swim_12B_with_contracts_PP/swim_airspeed/CalculateminimumimpactpressureforAGCASoperationtobesuspendedandsenttostandby/Sum</OriginPath>
            <PortNumber>1</PortNumber>
            <PortType>Outports</PortType>
            <Width>1</Width>
            <Index>1</Index>
         </Variable>
      </VarList>
   </Node>
   <Node IsContract="0"
         NodeName="CalculateminimumimpactpressureforwarningtopilotthatAGCASoperationisdegraded_503_035"
         OriginPath="swim_12B_with_contracts_PP/swim_airspeed/CalculateminimumimpactpressureforwarningtopilotthatAGCASoperationisdegraded">
      <InputList>
         <Inport IsInsideContract="0" IsNotInSimulink="0"
                 VariableName="SWIM_CalAirspeedmin_kts_1">
            <OriginPath>swim_12B_with_contracts_PP/swim_airspeed/CalculateminimumimpactpressureforwarningtopilotthatAGCASoperationisdegraded/SWIM_CalAirspeedmin_kts</OriginPath>
            <PortNumber>1</PortNumber>
            <PortType>Outports</PortType>
            <Width>1</Width>
            <Index>1</Index>
         </Inport>
      </InputList>
      <OutputList>
         <Outport IsInsideContract="0" IsNotInSimulink="0" VariableName="o_SWIM_Qcmin_lbspft2_1">
            <OriginPath>swim_12B_with_contracts_PP/swim_airspeed/CalculateminimumimpactpressureforwarningtopilotthatAGCASoperationisdegraded/o_SWIM_Qcmin_lbspft2</OriginPath>
            <PortNumber>1</PortNumber>
            <PortType>Outports</PortType>
            <Width>1</Width>
            <Index>1</Index>
         </Outport>
      </OutputList>
      <VarList>
         <Variable IsInsideContract="0" IsNotInSimulink="0" VariableName="Constant_1">
            <OriginPath>swim_12B_with_contracts_PP/swim_airspeed/CalculateminimumimpactpressureforwarningtopilotthatAGCASoperationisdegraded/Constant</OriginPath>
            <PortNumber>1</PortNumber>
            <PortType>Outports</PortType>
            <Width>1</Width>
            <Index>1</Index>
         </Variable>
         <Variable IsInsideContract="0" IsNotInSimulink="0" VariableName="Constant1_1">
            <OriginPath>swim_12B_with_contracts_PP/swim_airspeed/CalculateminimumimpactpressureforwarningtopilotthatAGCASoperationisdegraded/Constant1</OriginPath>
            <PortNumber>1</PortNumber>
            <PortType>Outports</PortType>
            <Width>1</Width>
            <Index>1</Index>
         </Variable>
         <Variable IsInsideContract="0" IsNotInSimulink="0" VariableName="Gain_1">
            <OriginPath>swim_12B_with_contracts_PP/swim_airspeed/CalculateminimumimpactpressureforwarningtopilotthatAGCASoperationisdegraded/Gain</OriginPath>
            <PortNumber>1</PortNumber>
            <PortType>Outports</PortType>
            <Width>1</Width>
            <Index>1</Index>
         </Variable>
         <Variable IsInsideContract="0" IsNotInSimulink="0" VariableName="Gain1_1">
            <OriginPath>swim_12B_with_contracts_PP/swim_airspeed/CalculateminimumimpactpressureforwarningtopilotthatAGCASoperationisdegraded/Gain1</OriginPath>
            <PortNumber>1</PortNumber>
            <PortType>Outports</PortType>
            <Width>1</Width>
            <Index>1</Index>
         </Variable>
         <Variable IsInsideContract="0" IsNotInSimulink="0" VariableName="Sum_1">
            <OriginPath>swim_12B_with_contracts_PP/swim_airspeed/CalculateminimumimpactpressureforwarningtopilotthatAGCASoperationisdegraded/Sum</OriginPath>
            <PortNumber>1</PortNumber>
            <PortType>Outports</PortType>
            <Width>1</Width>
            <Index>1</Index>
         </Variable>
         <Variable IsInsideContract="0" IsNotInSimulink="0" VariableName="Sum1_1">
            <OriginPath>swim_12B_with_contracts_PP/swim_airspeed/CalculateminimumimpactpressureforwarningtopilotthatAGCASoperationisdegraded/Sum1</OriginPath>
            <PortNumber>1</PortNumber>
            <PortType>Outports</PortType>
            <Width>1</Width>
            <Index>1</Index>
         </Variable>
      </VarList>
   </Node>
   <Node IsContract="0" NodeName="IfActionSubsystem_524_002"
         OriginPath="swim_12B_with_contracts_PP/swim_airspeed/CalculatetheminimumcalibratedairspeedbasedonCatSwitch/IfActionSubsystem">
      <InputList>
         <Inport IsInsideContract="0" IsNotInSimulink="0" VariableName="AircraftWeight_lbs_1">
            <OriginPath>swim_12B_with_contracts_PP/swim_airspeed/CalculatetheminimumcalibratedairspeedbasedonCatSwitch/IfActionSubsystem/AircraftWeight_lbs</OriginPath>
            <PortNumber>1</PortNumber>
            <PortType>Outports</PortType>
            <Width>1</Width>
            <Index>1</Index>
         </Inport>
      </InputList>
      <OutputList>
         <Outport IsInsideContract="0" IsNotInSimulink="0"
                  VariableName="o_SWIM_CalAirspeedmin_kts_1">
            <OriginPath>swim_12B_with_contracts_PP/swim_airspeed/CalculatetheminimumcalibratedairspeedbasedonCatSwitch/IfActionSubsystem/o_SWIM_CalAirspeedmin_kts</OriginPath>
            <PortNumber>1</PortNumber>
            <PortType>Outports</PortType>
            <Width>1</Width>
            <Index>1</Index>
         </Outport>
      </OutputList>
      <VarList>
         <Variable IsInsideContract="0" IsNotInSimulink="0" VariableName="Constant_1">
            <OriginPath>swim_12B_with_contracts_PP/swim_airspeed/CalculatetheminimumcalibratedairspeedbasedonCatSwitch/IfActionSubsystem/Constant</OriginPath>
            <PortNumber>1</PortNumber>
            <PortType>Outports</PortType>
            <Width>1</Width>
            <Index>1</Index>
         </Variable>
         <Variable IsInsideContract="0" IsNotInSimulink="0" VariableName="Gain_1">
            <OriginPath>swim_12B_with_contracts_PP/swim_airspeed/CalculatetheminimumcalibratedairspeedbasedonCatSwitch/IfActionSubsystem/Gain</OriginPath>
            <PortNumber>1</PortNumber>
            <PortType>Outports</PortType>
            <Width>1</Width>
            <Index>1</Index>
         </Variable>
         <Variable IsInsideContract="0" IsNotInSimulink="0" VariableName="Sqrt_1">
            <OriginPath>swim_12B_with_contracts_PP/swim_airspeed/CalculatetheminimumcalibratedairspeedbasedonCatSwitch/IfActionSubsystem/Sqrt</OriginPath>
            <PortNumber>1</PortNumber>
            <PortType>Outports</PortType>
            <Width>1</Width>
            <Index>1</Index>
         </Variable>
         <Variable IsInsideContract="0" IsNotInSimulink="0" VariableName="Sum_1">
            <OriginPath>swim_12B_with_contracts_PP/swim_airspeed/CalculatetheminimumcalibratedairspeedbasedonCatSwitch/IfActionSubsystem/Sum</OriginPath>
            <PortNumber>1</PortNumber>
            <PortType>Outports</PortType>
            <Width>1</Width>
            <Index>1</Index>
         </Variable>
      </VarList>
   </Node>
   <Node IsContract="0" NodeName="IfActionSubsystem_524_002"
         OriginPath="swim_12B_with_contracts_PP/swim_airspeed/CalculatetheminimumcalibratedairspeedbasedonCatSwitch/IfActionSubsystem">
      <InputList>
         <Inport IsInsideContract="0" IsNotInSimulink="0" VariableName="AircraftWeight_lbs_1">
            <OriginPath>swim_12B_with_contracts_PP/swim_airspeed/CalculatetheminimumcalibratedairspeedbasedonCatSwitch/IfActionSubsystem/AircraftWeight_lbs</OriginPath>
            <PortNumber>1</PortNumber>
            <PortType>Outports</PortType>
            <Width>1</Width>
            <Index>1</Index>
         </Inport>
      </InputList>
      <OutputList>
         <Outport IsInsideContract="0" IsNotInSimulink="0"
                  VariableName="o_SWIM_CalAirspeedmin_kts_1">
            <OriginPath>swim_12B_with_contracts_PP/swim_airspeed/CalculatetheminimumcalibratedairspeedbasedonCatSwitch/IfActionSubsystem/o_SWIM_CalAirspeedmin_kts</OriginPath>
            <PortNumber>1</PortNumber>
            <PortType>Outports</PortType>
            <Width>1</Width>
            <Index>1</Index>
         </Outport>
      </OutputList>
   </Node>
   <Node IsContract="0" NodeName="IfActionSubsystem1_537_018"
         OriginPath="swim_12B_with_contracts_PP/swim_airspeed/CalculatetheminimumcalibratedairspeedbasedonCatSwitch/IfActionSubsystem1">
      <InputList>
         <Inport IsInsideContract="0" IsNotInSimulink="0" VariableName="AircraftWeight_lbs_1">
            <OriginPath>swim_12B_with_contracts_PP/swim_airspeed/CalculatetheminimumcalibratedairspeedbasedonCatSwitch/IfActionSubsystem1/AircraftWeight_lbs</OriginPath>
            <PortNumber>1</PortNumber>
            <PortType>Outports</PortType>
            <Width>1</Width>
            <Index>1</Index>
         </Inport>
      </InputList>
      <OutputList>
         <Outport IsInsideContract="0" IsNotInSimulink="0"
                  VariableName="o_SWIM_CalAirspeedmin_kts_1">
            <OriginPath>swim_12B_with_contracts_PP/swim_airspeed/CalculatetheminimumcalibratedairspeedbasedonCatSwitch/IfActionSubsystem1/o_SWIM_CalAirspeedmin_kts</OriginPath>
            <PortNumber>1</PortNumber>
            <PortType>Outports</PortType>
            <Width>1</Width>
            <Index>1</Index>
         </Outport>
      </OutputList>
      <VarList>
         <Variable IsInsideContract="0" IsNotInSimulink="0" VariableName="Constant_1">
            <OriginPath>swim_12B_with_contracts_PP/swim_airspeed/CalculatetheminimumcalibratedairspeedbasedonCatSwitch/IfActionSubsystem1/Constant</OriginPath>
            <PortNumber>1</PortNumber>
            <PortType>Outports</PortType>
            <Width>1</Width>
            <Index>1</Index>
         </Variable>
         <Variable IsInsideContract="0" IsNotInSimulink="0" VariableName="Gain_1">
            <OriginPath>swim_12B_with_contracts_PP/swim_airspeed/CalculatetheminimumcalibratedairspeedbasedonCatSwitch/IfActionSubsystem1/Gain</OriginPath>
            <PortNumber>1</PortNumber>
            <PortType>Outports</PortType>
            <Width>1</Width>
            <Index>1</Index>
         </Variable>
         <Variable IsInsideContract="0" IsNotInSimulink="0" VariableName="Sqrt_1">
            <OriginPath>swim_12B_with_contracts_PP/swim_airspeed/CalculatetheminimumcalibratedairspeedbasedonCatSwitch/IfActionSubsystem1/Sqrt</OriginPath>
            <PortNumber>1</PortNumber>
            <PortType>Outports</PortType>
            <Width>1</Width>
            <Index>1</Index>
         </Variable>
         <Variable IsInsideContract="0" IsNotInSimulink="0" VariableName="Sum_1">
            <OriginPath>swim_12B_with_contracts_PP/swim_airspeed/CalculatetheminimumcalibratedairspeedbasedonCatSwitch/IfActionSubsystem1/Sum</OriginPath>
            <PortNumber>1</PortNumber>
            <PortType>Outports</PortType>
            <Width>1</Width>
            <Index>1</Index>
         </Variable>
      </VarList>
   </Node>
   <Node IsContract="0" NodeName="IfActionSubsystem1_537_018"
         OriginPath="swim_12B_with_contracts_PP/swim_airspeed/CalculatetheminimumcalibratedairspeedbasedonCatSwitch/IfActionSubsystem1">
      <InputList>
         <Inport IsInsideContract="0" IsNotInSimulink="0" VariableName="AircraftWeight_lbs_1">
            <OriginPath>swim_12B_with_contracts_PP/swim_airspeed/CalculatetheminimumcalibratedairspeedbasedonCatSwitch/IfActionSubsystem1/AircraftWeight_lbs</OriginPath>
            <PortNumber>1</PortNumber>
            <PortType>Outports</PortType>
            <Width>1</Width>
            <Index>1</Index>
         </Inport>
      </InputList>
      <OutputList>
         <Outport IsInsideContract="0" IsNotInSimulink="0"
                  VariableName="o_SWIM_CalAirspeedmin_kts_1">
            <OriginPath>swim_12B_with_contracts_PP/swim_airspeed/CalculatetheminimumcalibratedairspeedbasedonCatSwitch/IfActionSubsystem1/o_SWIM_CalAirspeedmin_kts</OriginPath>
            <PortNumber>1</PortNumber>
            <PortType>Outports</PortType>
            <Width>1</Width>
            <Index>1</Index>
         </Outport>
      </OutputList>
   </Node>
   <Node IsContract="0"
         NodeName="CalculatetheminimumcalibratedairspeedbasedonCatSwitch_519_002"
         OriginPath="swim_12B_with_contracts_PP/swim_airspeed/CalculatetheminimumcalibratedairspeedbasedonCatSwitch">
      <InputList>
         <Inport IsInsideContract="0" IsNotInSimulink="0" VariableName="AircraftWeight_lbs_1">
            <OriginPath>swim_12B_with_contracts_PP/swim_airspeed/CalculatetheminimumcalibratedairspeedbasedonCatSwitch/AircraftWeight_lbs</OriginPath>
            <PortNumber>1</PortNumber>
            <PortType>Outports</PortType>
            <Width>1</Width>
            <Index>1</Index>
         </Inport>
         <Inport IsInsideContract="0" IsNotInSimulink="0"
                 VariableName="diGet_S_CatSwitchPosition_1">
            <OriginPath>swim_12B_with_contracts_PP/swim_airspeed/CalculatetheminimumcalibratedairspeedbasedonCatSwitch/diGet_S_CatSwitchPosition</OriginPath>
            <PortNumber>1</PortNumber>
            <PortType>Outports</PortType>
            <Width>1</Width>
            <Index>1</Index>
         </Inport>
      </InputList>
      <OutputList>
         <Outport IsInsideContract="0" IsNotInSimulink="0"
                  VariableName="SWIM_CalAirspeedmin_kts_1">
            <OriginPath>swim_12B_with_contracts_PP/swim_airspeed/CalculatetheminimumcalibratedairspeedbasedonCatSwitch/SWIM_CalAirspeedmin_kts</OriginPath>
            <PortNumber>1</PortNumber>
            <PortType>Outports</PortType>
            <Width>1</Width>
            <Index>1</Index>
         </Outport>
      </OutputList>
      <VarList>
         <Variable IsInsideContract="0" IsNotInSimulink="0" VariableName="Constant_1">
            <OriginPath>swim_12B_with_contracts_PP/swim_airspeed/CalculatetheminimumcalibratedairspeedbasedonCatSwitch/Constant</OriginPath>
            <PortNumber>1</PortNumber>
            <PortType>Outports</PortType>
            <Width>1</Width>
            <Index>1</Index>
         </Variable>
         <Variable IsInsideContract="0" IsNotInSimulink="0" VariableName="If_1">
            <OriginPath>swim_12B_with_contracts_PP/swim_airspeed/CalculatetheminimumcalibratedairspeedbasedonCatSwitch/If</OriginPath>
            <PortNumber>1</PortNumber>
            <PortType>Outports</PortType>
            <Width>1</Width>
            <Index>1</Index>
         </Variable>
         <Variable IsInsideContract="0" IsNotInSimulink="0" VariableName="If_2">
            <OriginPath>swim_12B_with_contracts_PP/swim_airspeed/CalculatetheminimumcalibratedairspeedbasedonCatSwitch/If</OriginPath>
            <PortNumber>2</PortNumber>
            <PortType>Outports</PortType>
            <Width>1</Width>
            <Index>1</Index>
         </Variable>
         <Variable IsInsideContract="0" IsNotInSimulink="0" VariableName="IfActionSubsystem_1">
            <OriginPath>swim_12B_with_contracts_PP/swim_airspeed/CalculatetheminimumcalibratedairspeedbasedonCatSwitch/IfActionSubsystem</OriginPath>
            <PortNumber>1</PortNumber>
            <PortType>Outports</PortType>
            <Width>1</Width>
            <Index>1</Index>
         </Variable>
         <Variable IsInsideContract="0" IsNotInSimulink="0" VariableName="IfActionSubsystem1_1">
            <OriginPath>swim_12B_with_contracts_PP/swim_airspeed/CalculatetheminimumcalibratedairspeedbasedonCatSwitch/IfActionSubsystem1</OriginPath>
            <PortNumber>1</PortNumber>
            <PortType>Outports</PortType>
            <Width>1</Width>
            <Index>1</Index>
         </Variable>
         <Variable IsInsideContract="0" IsNotInSimulink="0" VariableName="Merge_1">
            <OriginPath>swim_12B_with_contracts_PP/swim_airspeed/CalculatetheminimumcalibratedairspeedbasedonCatSwitch/Merge</OriginPath>
            <PortNumber>1</PortNumber>
            <PortType>Outports</PortType>
            <Width>1</Width>
            <Index>1</Index>
         </Variable>
         <Variable IsInsideContract="0" IsNotInSimulink="0" VariableName="RelationalOperator_1">
            <OriginPath>swim_12B_with_contracts_PP/swim_airspeed/CalculatetheminimumcalibratedairspeedbasedonCatSwitch/RelationalOperator</OriginPath>
            <PortNumber>1</PortNumber>
            <PortType>Outports</PortType>
            <Width>1</Width>
            <Index>1</Index>
         </Variable>
      </VarList>
   </Node>
   <Node IsContract="0" NodeName="Gettheaircraftweight_566_001"
         OriginPath="swim_12B_with_contracts_PP/swim_airspeed/Gettheaircraftweight">
      <InputList>
         <Inport IsInsideContract="0" IsNotInSimulink="0"
                 VariableName="muxGet_T_Mux_AircraftGrossWeight_lbs_1">
            <OriginPath>swim_12B_with_contracts_PP/swim_airspeed/Gettheaircraftweight/muxGet_T_Mux_AircraftGrossWeight_lbs</OriginPath>
            <PortNumber>1</PortNumber>
            <PortType>Outports</PortType>
            <Width>1</Width>
            <Index>1</Index>
         </Inport>
      </InputList>
      <OutputList>
         <Outport IsInsideContract="0" IsNotInSimulink="0" VariableName="AircraftWeight_lbs_1">
            <OriginPath>swim_12B_with_contracts_PP/swim_airspeed/Gettheaircraftweight/AircraftWeight_lbs</OriginPath>
            <PortNumber>1</PortNumber>
            <PortType>Outports</PortType>
            <Width>1</Width>
            <Index>1</Index>
         </Outport>
      </OutputList>
      <VarList/>
   </Node>
   <Node IsContract="0" NodeName="IfActionSubsystem_587_001"
         OriginPath="swim_12B_with_contracts_PP/swim_airspeed/IssueWarning/IfActionSubsystem/IfActionSubsystem">
      <InputList/>
      <OutputList>
         <Outport IsInsideContract="0" IsNotInSimulink="0"
                  VariableName="SWIM_SelfAgcasLowSpeedWarn_1">
            <OriginPath>swim_12B_with_contracts_PP/swim_airspeed/IssueWarning/IfActionSubsystem/IfActionSubsystem/SWIM_SelfAgcasLowSpeedWarn</OriginPath>
            <PortNumber>1</PortNumber>
            <PortType>Outports</PortType>
            <Width>1</Width>
            <Index>1</Index>
         </Outport>
      </OutputList>
      <VarList>
         <Variable IsInsideContract="0" IsNotInSimulink="0" VariableName="Constant_1">
            <OriginPath>swim_12B_with_contracts_PP/swim_airspeed/IssueWarning/IfActionSubsystem/IfActionSubsystem/Constant</OriginPath>
            <PortNumber>1</PortNumber>
            <PortType>Outports</PortType>
            <Width>1</Width>
            <Index>1</Index>
         </Variable>
      </VarList>
   </Node>
   <Node IsContract="0" NodeName="IfActionSubsystem_587_001"
         OriginPath="swim_12B_with_contracts_PP/swim_airspeed/IssueWarning/IfActionSubsystem/IfActionSubsystem">
      <InputList/>
      <OutputList>
         <Outport IsInsideContract="0" IsNotInSimulink="0"
                  VariableName="SWIM_SelfAgcasLowSpeedWarn_1">
            <OriginPath>swim_12B_with_contracts_PP/swim_airspeed/IssueWarning/IfActionSubsystem/IfActionSubsystem/SWIM_SelfAgcasLowSpeedWarn</OriginPath>
            <PortNumber>1</PortNumber>
            <PortType>Outports</PortType>
            <Width>1</Width>
            <Index>1</Index>
         </Outport>
      </OutputList>
   </Node>
   <Node IsContract="0" NodeName="IfActionSubsystem1_592_001"
         OriginPath="swim_12B_with_contracts_PP/swim_airspeed/IssueWarning/IfActionSubsystem/IfActionSubsystem1">
      <InputList/>
      <OutputList>
         <Outport IsInsideContract="0" IsNotInSimulink="0"
                  VariableName="SWIM_SelfAgcasLowSpeedWarn_1">
            <OriginPath>swim_12B_with_contracts_PP/swim_airspeed/IssueWarning/IfActionSubsystem/IfActionSubsystem1/SWIM_SelfAgcasLowSpeedWarn</OriginPath>
            <PortNumber>1</PortNumber>
            <PortType>Outports</PortType>
            <Width>1</Width>
            <Index>1</Index>
         </Outport>
      </OutputList>
      <VarList>
         <Variable IsInsideContract="0" IsNotInSimulink="0" VariableName="Constant_1">
            <OriginPath>swim_12B_with_contracts_PP/swim_airspeed/IssueWarning/IfActionSubsystem/IfActionSubsystem1/Constant</OriginPath>
            <PortNumber>1</PortNumber>
            <PortType>Outports</PortType>
            <Width>1</Width>
            <Index>1</Index>
         </Variable>
      </VarList>
   </Node>
   <Node IsContract="0" NodeName="IfActionSubsystem1_592_001"
         OriginPath="swim_12B_with_contracts_PP/swim_airspeed/IssueWarning/IfActionSubsystem/IfActionSubsystem1">
      <InputList/>
      <OutputList>
         <Outport IsInsideContract="0" IsNotInSimulink="0"
                  VariableName="SWIM_SelfAgcasLowSpeedWarn_1">
            <OriginPath>swim_12B_with_contracts_PP/swim_airspeed/IssueWarning/IfActionSubsystem/IfActionSubsystem1/SWIM_SelfAgcasLowSpeedWarn</OriginPath>
            <PortNumber>1</PortNumber>
            <PortType>Outports</PortType>
            <Width>1</Width>
            <Index>1</Index>
         </Outport>
      </OutputList>
   </Node>
   <Node IsContract="0" NodeName="IfActionSubsystem_582_001"
         OriginPath="swim_12B_with_contracts_PP/swim_airspeed/IssueWarning/IfActionSubsystem">
      <InputList>
         <Inport IsInsideContract="0" IsNotInSimulink="0"
                 VariableName="S_ImpactPressure_lbspft2_1">
            <OriginPath>swim_12B_with_contracts_PP/swim_airspeed/IssueWarning/IfActionSubsystem/S_ImpactPressure_lbspft2</OriginPath>
            <PortNumber>1</PortNumber>
            <PortType>Outports</PortType>
            <Width>1</Width>
            <Index>1</Index>
         </Inport>
         <Inport IsInsideContract="0" IsNotInSimulink="0" VariableName="SWIM_Qcmin_lbspft2_1">
            <OriginPath>swim_12B_with_contracts_PP/swim_airspeed/IssueWarning/IfActionSubsystem/SWIM_Qcmin_lbspft2</OriginPath>
            <PortNumber>1</PortNumber>
            <PortType>Outports</PortType>
            <Width>1</Width>
            <Index>1</Index>
         </Inport>
      </InputList>
      <OutputList>
         <Outport IsInsideContract="0" IsNotInSimulink="0"
                  VariableName="SWIM_SelfAgcasLowSpeedWarn_1">
            <OriginPath>swim_12B_with_contracts_PP/swim_airspeed/IssueWarning/IfActionSubsystem/SWIM_SelfAgcasLowSpeedWarn</OriginPath>
            <PortNumber>1</PortNumber>
            <PortType>Outports</PortType>
            <Width>1</Width>
            <Index>1</Index>
         </Outport>
      </OutputList>
      <VarList>
         <Variable IsInsideContract="0" IsNotInSimulink="0" VariableName="If_1">
            <OriginPath>swim_12B_with_contracts_PP/swim_airspeed/IssueWarning/IfActionSubsystem/If</OriginPath>
            <PortNumber>1</PortNumber>
            <PortType>Outports</PortType>
            <Width>1</Width>
            <Index>1</Index>
         </Variable>
         <Variable IsInsideContract="0" IsNotInSimulink="0" VariableName="If_2">
            <OriginPath>swim_12B_with_contracts_PP/swim_airspeed/IssueWarning/IfActionSubsystem/If</OriginPath>
            <PortNumber>2</PortNumber>
            <PortType>Outports</PortType>
            <Width>1</Width>
            <Index>1</Index>
         </Variable>
         <Variable IsInsideContract="0" IsNotInSimulink="0" VariableName="IfActionSubsystem_1">
            <OriginPath>swim_12B_with_contracts_PP/swim_airspeed/IssueWarning/IfActionSubsystem/IfActionSubsystem</OriginPath>
            <PortNumber>1</PortNumber>
            <PortType>Outports</PortType>
            <Width>1</Width>
            <Index>1</Index>
         </Variable>
         <Variable IsInsideContract="0" IsNotInSimulink="0" VariableName="IfActionSubsystem1_1">
            <OriginPath>swim_12B_with_contracts_PP/swim_airspeed/IssueWarning/IfActionSubsystem/IfActionSubsystem1</OriginPath>
            <PortNumber>1</PortNumber>
            <PortType>Outports</PortType>
            <Width>1</Width>
            <Index>1</Index>
         </Variable>
         <Variable IsInsideContract="0" IsNotInSimulink="0" VariableName="Merge_1">
            <OriginPath>swim_12B_with_contracts_PP/swim_airspeed/IssueWarning/IfActionSubsystem/Merge</OriginPath>
            <PortNumber>1</PortNumber>
            <PortType>Outports</PortType>
            <Width>1</Width>
            <Index>1</Index>
         </Variable>
         <Variable IsInsideContract="0" IsNotInSimulink="0" VariableName="RelationalOperator_1">
            <OriginPath>swim_12B_with_contracts_PP/swim_airspeed/IssueWarning/IfActionSubsystem/RelationalOperator</OriginPath>
            <PortNumber>1</PortNumber>
            <PortType>Outports</PortType>
            <Width>1</Width>
            <Index>1</Index>
         </Variable>
      </VarList>
   </Node>
   <Node IsContract="0" NodeName="IfActionSubsystem_582_001"
         OriginPath="swim_12B_with_contracts_PP/swim_airspeed/IssueWarning/IfActionSubsystem">
      <InputList>
         <Inport IsInsideContract="0" IsNotInSimulink="0"
                 VariableName="S_ImpactPressure_lbspft2_1">
            <OriginPath>swim_12B_with_contracts_PP/swim_airspeed/IssueWarning/IfActionSubsystem/S_ImpactPressure_lbspft2</OriginPath>
            <PortNumber>1</PortNumber>
            <PortType>Outports</PortType>
            <Width>1</Width>
            <Index>1</Index>
         </Inport>
         <Inport IsInsideContract="0" IsNotInSimulink="0" VariableName="SWIM_Qcmin_lbspft2_1">
            <OriginPath>swim_12B_with_contracts_PP/swim_airspeed/IssueWarning/IfActionSubsystem/SWIM_Qcmin_lbspft2</OriginPath>
            <PortNumber>1</PortNumber>
            <PortType>Outports</PortType>
            <Width>1</Width>
            <Index>1</Index>
         </Inport>
      </InputList>
      <OutputList>
         <Outport IsInsideContract="0" IsNotInSimulink="0"
                  VariableName="SWIM_SelfAgcasLowSpeedWarn_1">
            <OriginPath>swim_12B_with_contracts_PP/swim_airspeed/IssueWarning/IfActionSubsystem/SWIM_SelfAgcasLowSpeedWarn</OriginPath>
            <PortNumber>1</PortNumber>
            <PortType>Outports</PortType>
            <Width>1</Width>
            <Index>1</Index>
         </Outport>
      </OutputList>
   </Node>
   <Node IsContract="0" NodeName="IfActionSubsystem1_608_001"
         OriginPath="swim_12B_with_contracts_PP/swim_airspeed/IssueWarning/IfActionSubsystem1">
      <InputList>
         <Inport IsInsideContract="0" IsNotInSimulink="0" VariableName="In1_1">
            <OriginPath>swim_12B_with_contracts_PP/swim_airspeed/IssueWarning/IfActionSubsystem1/In1</OriginPath>
            <PortNumber>1</PortNumber>
            <PortType>Outports</PortType>
            <Width>1</Width>
            <Index>1</Index>
         </Inport>
      </InputList>
      <OutputList>
         <Outport IsInsideContract="0" IsNotInSimulink="0" VariableName="Out1_1">
            <OriginPath>swim_12B_with_contracts_PP/swim_airspeed/IssueWarning/IfActionSubsystem1/Out1</OriginPath>
            <PortNumber>1</PortNumber>
            <PortType>Outports</PortType>
            <Width>1</Width>
            <Index>1</Index>
         </Outport>
      </OutputList>
      <VarList/>
   </Node>
   <Node IsContract="0" NodeName="IfActionSubsystem1_608_001"
         OriginPath="swim_12B_with_contracts_PP/swim_airspeed/IssueWarning/IfActionSubsystem1">
      <InputList>
         <Inport IsInsideContract="0" IsNotInSimulink="0" VariableName="In1_1">
            <OriginPath>swim_12B_with_contracts_PP/swim_airspeed/IssueWarning/IfActionSubsystem1/In1</OriginPath>
            <PortNumber>1</PortNumber>
            <PortType>Outports</PortType>
            <Width>1</Width>
            <Index>1</Index>
         </Inport>
      </InputList>
      <OutputList>
         <Outport IsInsideContract="0" IsNotInSimulink="0" VariableName="Out1_1">
            <OriginPath>swim_12B_with_contracts_PP/swim_airspeed/IssueWarning/IfActionSubsystem1/Out1</OriginPath>
            <PortNumber>1</PortNumber>
            <PortType>Outports</PortType>
            <Width>1</Width>
            <Index>1</Index>
         </Outport>
      </OutputList>
   </Node>
   <Node IsContract="0" NodeName="IssueWarning_570_001"
         OriginPath="swim_12B_with_contracts_PP/swim_airspeed/IssueWarning">
      <InputList>
         <Inport IsInsideContract="0" IsNotInSimulink="0" VariableName="SWIM_Qcmin_lbspft2_1">
            <OriginPath>swim_12B_with_contracts_PP/swim_airspeed/IssueWarning/SWIM_Qcmin_lbspft2</OriginPath>
            <PortNumber>1</PortNumber>
            <PortType>Outports</PortType>
            <Width>1</Width>
            <Index>1</Index>
         </Inport>
         <Inport IsInsideContract="0" IsNotInSimulink="0"
                 VariableName="SWIM_AirspeedWarningAllowed_1">
            <OriginPath>swim_12B_with_contracts_PP/swim_airspeed/IssueWarning/SWIM_AirspeedWarningAllowed</OriginPath>
            <PortNumber>1</PortNumber>
            <PortType>Outports</PortType>
            <Width>1</Width>
            <Index>1</Index>
         </Inport>
         <Inport IsInsideContract="0" IsNotInSimulink="0"
                 VariableName="muxGet_T_Mux_AirspeedMonitorEnable_1">
            <OriginPath>swim_12B_with_contracts_PP/swim_airspeed/IssueWarning/muxGet_T_Mux_AirspeedMonitorEnable</OriginPath>
            <PortNumber>1</PortNumber>
            <PortType>Outports</PortType>
            <Width>1</Width>
            <Index>1</Index>
         </Inport>
         <Inport IsInsideContract="0" IsNotInSimulink="0"
                 VariableName="cvGet_V_AgcasLowSpeedWarn_1">
            <OriginPath>swim_12B_with_contracts_PP/swim_airspeed/IssueWarning/cvGet_V_AgcasLowSpeedWarn</OriginPath>
            <PortNumber>1</PortNumber>
            <PortType>Outports</PortType>
            <Width>1</Width>
            <Index>1</Index>
         </Inport>
         <Inport IsInsideContract="0" IsNotInSimulink="0"
                 VariableName="olcGet_AgcasInterlocks_1">
            <OriginPath>swim_12B_with_contracts_PP/swim_airspeed/IssueWarning/olcGet_AgcasInterlocks</OriginPath>
            <PortNumber>1</PortNumber>
            <PortType>Outports</PortType>
            <Width>1</Width>
            <Index>1</Index>
         </Inport>
         <Inport IsInsideContract="0" IsNotInSimulink="0"
                 VariableName="S_ImpactPressure_lbspft2_1">
            <OriginPath>swim_12B_with_contracts_PP/swim_airspeed/IssueWarning/S_ImpactPressure_lbspft2</OriginPath>
            <PortNumber>1</PortNumber>
            <PortType>Outports</PortType>
            <Width>1</Width>
            <Index>1</Index>
         </Inport>
      </InputList>
      <OutputList>
         <Outport IsInsideContract="0" IsNotInSimulink="0"
                  VariableName="SWIM_SelfAgcasLowSpeedWarn_1">
            <OriginPath>swim_12B_with_contracts_PP/swim_airspeed/IssueWarning/SWIM_SelfAgcasLowSpeedWarn</OriginPath>
            <PortNumber>1</PortNumber>
            <PortType>Outports</PortType>
            <Width>1</Width>
            <Index>1</Index>
         </Outport>
      </OutputList>
      <VarList>
         <Variable IsInsideContract="0" IsNotInSimulink="0" VariableName="Constant1_1">
            <OriginPath>swim_12B_with_contracts_PP/swim_airspeed/IssueWarning/Constant1</OriginPath>
            <PortNumber>1</PortNumber>
            <PortType>Outports</PortType>
            <Width>1</Width>
            <Index>1</Index>
         </Variable>
         <Variable IsInsideContract="0" IsNotInSimulink="0" VariableName="Constant2_1">
            <OriginPath>swim_12B_with_contracts_PP/swim_airspeed/IssueWarning/Constant2</OriginPath>
            <PortNumber>1</PortNumber>
            <PortType>Outports</PortType>
            <Width>1</Width>
            <Index>1</Index>
         </Variable>
         <Variable IsInsideContract="0" IsNotInSimulink="0" VariableName="Constant3_1">
            <OriginPath>swim_12B_with_contracts_PP/swim_airspeed/IssueWarning/Constant3</OriginPath>
            <PortNumber>1</PortNumber>
            <PortType>Outports</PortType>
            <Width>1</Width>
            <Index>1</Index>
         </Variable>
         <Variable IsInsideContract="0" IsNotInSimulink="0" VariableName="Constant4_1">
            <OriginPath>swim_12B_with_contracts_PP/swim_airspeed/IssueWarning/Constant4</OriginPath>
            <PortNumber>1</PortNumber>
            <PortType>Outports</PortType>
            <Width>1</Width>
            <Index>1</Index>
         </Variable>
         <Variable IsInsideContract="0" IsNotInSimulink="0" VariableName="If_1">
            <OriginPath>swim_12B_with_contracts_PP/swim_airspeed/IssueWarning/If</OriginPath>
            <PortNumber>1</PortNumber>
            <PortType>Outports</PortType>
            <Width>1</Width>
            <Index>1</Index>
         </Variable>
         <Variable IsInsideContract="0" IsNotInSimulink="0" VariableName="If_2">
            <OriginPath>swim_12B_with_contracts_PP/swim_airspeed/IssueWarning/If</OriginPath>
            <PortNumber>2</PortNumber>
            <PortType>Outports</PortType>
            <Width>1</Width>
            <Index>1</Index>
         </Variable>
         <Variable IsInsideContract="0" IsNotInSimulink="0" VariableName="IfActionSubsystem_1">
            <OriginPath>swim_12B_with_contracts_PP/swim_airspeed/IssueWarning/IfActionSubsystem</OriginPath>
            <PortNumber>1</PortNumber>
            <PortType>Outports</PortType>
            <Width>1</Width>
            <Index>1</Index>
         </Variable>
         <Variable IsInsideContract="0" IsNotInSimulink="0" VariableName="IfActionSubsystem1_1">
            <OriginPath>swim_12B_with_contracts_PP/swim_airspeed/IssueWarning/IfActionSubsystem1</OriginPath>
            <PortNumber>1</PortNumber>
            <PortType>Outports</PortType>
            <Width>1</Width>
            <Index>1</Index>
         </Variable>
         <Variable IsInsideContract="0" IsNotInSimulink="0" VariableName="LogicalOperator1_1">
            <OriginPath>swim_12B_with_contracts_PP/swim_airspeed/IssueWarning/LogicalOperator1</OriginPath>
            <PortNumber>1</PortNumber>
            <PortType>Outports</PortType>
            <Width>1</Width>
            <Index>1</Index>
         </Variable>
         <Variable IsInsideContract="0" IsNotInSimulink="0" VariableName="LogicalOperator2_1">
            <OriginPath>swim_12B_with_contracts_PP/swim_airspeed/IssueWarning/LogicalOperator2</OriginPath>
            <PortNumber>1</PortNumber>
            <PortType>Outports</PortType>
            <Width>1</Width>
            <Index>1</Index>
         </Variable>
         <Variable IsInsideContract="0" IsNotInSimulink="0" VariableName="Merge_1">
            <OriginPath>swim_12B_with_contracts_PP/swim_airspeed/IssueWarning/Merge</OriginPath>
            <PortNumber>1</PortNumber>
            <PortType>Outports</PortType>
            <Width>1</Width>
            <Index>1</Index>
         </Variable>
         <Variable IsInsideContract="0" IsNotInSimulink="0" VariableName="RelationalOperator1_1">
            <OriginPath>swim_12B_with_contracts_PP/swim_airspeed/IssueWarning/RelationalOperator1</OriginPath>
            <PortNumber>1</PortNumber>
            <PortType>Outports</PortType>
            <Width>1</Width>
            <Index>1</Index>
         </Variable>
         <Variable IsInsideContract="0" IsNotInSimulink="0" VariableName="RelationalOperator2_1">
            <OriginPath>swim_12B_with_contracts_PP/swim_airspeed/IssueWarning/RelationalOperator2</OriginPath>
            <PortNumber>1</PortNumber>
            <PortType>Outports</PortType>
            <Width>1</Width>
            <Index>1</Index>
         </Variable>
         <Variable IsInsideContract="0" IsNotInSimulink="0" VariableName="RelationalOperator3_1">
            <OriginPath>swim_12B_with_contracts_PP/swim_airspeed/IssueWarning/RelationalOperator3</OriginPath>
            <PortNumber>1</PortNumber>
            <PortType>Outports</PortType>
            <Width>1</Width>
            <Index>1</Index>
         </Variable>
         <Variable IsInsideContract="0" IsNotInSimulink="0" VariableName="RelationalOperator4_1">
            <OriginPath>swim_12B_with_contracts_PP/swim_airspeed/IssueWarning/RelationalOperator4</OriginPath>
            <PortNumber>1</PortNumber>
            <PortType>Outports</PortType>
            <Width>1</Width>
            <Index>1</Index>
         </Variable>
         <Variable IsInsideContract="0" IsNotInSimulink="0" VariableName="UnitDelay_1">
            <OriginPath>swim_12B_with_contracts_PP/swim_airspeed/IssueWarning/UnitDelay</OriginPath>
            <PortNumber>1</PortNumber>
            <PortType>Outports</PortType>
            <Width>1</Width>
            <Index>1</Index>
         </Variable>
      </VarList>
   </Node>
   <Node IsContract="0" NodeName="swim_airspeed_427_035"
         OriginPath="swim_12B_with_contracts_PP/swim_airspeed">
      <InputList>
         <Inport IsInsideContract="0" IsNotInSimulink="0"
                 VariableName="muxGet_T_Mux_AircraftGrossWeight_lbs_1">
            <OriginPath>swim_12B_with_contracts_PP/swim_airspeed/muxGet_T_Mux_AircraftGrossWeight_lbs</OriginPath>
            <PortNumber>1</PortNumber>
            <PortType>Outports</PortType>
            <Width>1</Width>
            <Index>1</Index>
         </Inport>
         <Inport IsInsideContract="0" IsNotInSimulink="0"
                 VariableName="diGet_S_CatSwitchPosition_1">
            <OriginPath>swim_12B_with_contracts_PP/swim_airspeed/diGet_S_CatSwitchPosition</OriginPath>
            <PortNumber>1</PortNumber>
            <PortType>Outports</PortType>
            <Width>1</Width>
            <Index>1</Index>
         </Inport>
         <Inport IsInsideContract="0" IsNotInSimulink="0" VariableName="E_AI_IMPACT_PRESSURE_1">
            <OriginPath>swim_12B_with_contracts_PP/swim_airspeed/E_AI_IMPACT_PRESSURE</OriginPath>
            <PortNumber>1</PortNumber>
            <PortType>Outports</PortType>
            <Width>1</Width>
            <Index>1</Index>
         </Inport>
         <Inport IsInsideContract="0" IsNotInSimulink="0"
                 VariableName="diGet_S_LandingGearAltFlap_1">
            <OriginPath>swim_12B_with_contracts_PP/swim_airspeed/diGet_S_LandingGearAltFlap</OriginPath>
            <PortNumber>1</PortNumber>
            <PortType>Outports</PortType>
            <Width>1</Width>
            <Index>1</Index>
         </Inport>
         <Inport IsInsideContract="0" IsNotInSimulink="0"
                 VariableName="muxGet_T_Mux_AirspeedMonitorEnable_1">
            <OriginPath>swim_12B_with_contracts_PP/swim_airspeed/muxGet_T_Mux_AirspeedMonitorEnable</OriginPath>
            <PortNumber>1</PortNumber>
            <PortType>Outports</PortType>
            <Width>1</Width>
            <Index>1</Index>
         </Inport>
         <Inport IsInsideContract="0" IsNotInSimulink="0"
                 VariableName="cvGet_V_AgcasLowSpeedWarn_1">
            <OriginPath>swim_12B_with_contracts_PP/swim_airspeed/cvGet_V_AgcasLowSpeedWarn</OriginPath>
            <PortNumber>1</PortNumber>
            <PortType>Outports</PortType>
            <Width>1</Width>
            <Index>1</Index>
         </Inport>
         <Inport IsInsideContract="0" IsNotInSimulink="0"
                 VariableName="olcGet_AgcasInterlocks_1">
            <OriginPath>swim_12B_with_contracts_PP/swim_airspeed/olcGet_AgcasInterlocks</OriginPath>
            <PortNumber>1</PortNumber>
            <PortType>Outports</PortType>
            <Width>1</Width>
            <Index>1</Index>
         </Inport>
      </InputList>
      <OutputList>
         <Outport IsInsideContract="0" IsNotInSimulink="0"
                  VariableName="swimGet_AgcasLowSpeedWarn_1">
            <OriginPath>swim_12B_with_contracts_PP/swim_airspeed/swimGet_AgcasLowSpeedWarn</OriginPath>
            <PortNumber>1</PortNumber>
            <PortType>Outports</PortType>
            <Width>1</Width>
            <Index>1</Index>
         </Outport>
         <Outport IsInsideContract="0" IsNotInSimulink="0"
                  VariableName="swimGet_QcMinDisable_lbspft2_1">
            <OriginPath>swim_12B_with_contracts_PP/swim_airspeed/swimGet_QcMinDisable_lbspft2</OriginPath>
            <PortNumber>1</PortNumber>
            <PortType>Outports</PortType>
            <Width>1</Width>
            <Index>1</Index>
         </Outport>
         <Outport IsInsideContract="0" IsNotInSimulink="0" VariableName="SWIM_Qcmin_lbspft2_1">
            <OriginPath>swim_12B_with_contracts_PP/swim_airspeed/SWIM_Qcmin_lbspft2</OriginPath>
            <PortNumber>1</PortNumber>
            <PortType>Outports</PortType>
            <Width>1</Width>
            <Index>1</Index>
         </Outport>
         <Outport IsInsideContract="0" IsNotInSimulink="0"
                  VariableName="SWIM_CalAirspeedmin_kts_1">
            <OriginPath>swim_12B_with_contracts_PP/swim_airspeed/SWIM_CalAirspeedmin_kts</OriginPath>
            <PortNumber>1</PortNumber>
            <PortType>Outports</PortType>
            <Width>1</Width>
            <Index>1</Index>
         </Outport>
         <Outport IsInsideContract="0" IsNotInSimulink="0" VariableName="SWIM_ASWarningAllowed_1">
            <OriginPath>swim_12B_with_contracts_PP/swim_airspeed/SWIM_ASWarningAllowed</OriginPath>
            <PortNumber>1</PortNumber>
            <PortType>Outports</PortType>
            <Width>1</Width>
            <Index>1</Index>
         </Outport>
      </OutputList>
      <VarList>
         <Variable IsInsideContract="0" IsNotInSimulink="0" VariableName="AirspeedMonitoring_1">
            <OriginPath>swim_12B_with_contracts_PP/swim_airspeed/AirspeedMonitoring</OriginPath>
            <PortNumber>1</PortNumber>
            <PortType>Outports</PortType>
            <Width>1</Width>
            <Index>1</Index>
         </Variable>
         <Variable IsInsideContract="0" IsNotInSimulink="0"
                   VariableName="CalculateminimumimpactpressureforAGCASoperationtobesuspendedandsenttostandby_1">
            <OriginPath>swim_12B_with_contracts_PP/swim_airspeed/CalculateminimumimpactpressureforAGCASoperationtobesuspendedandsenttostandby</OriginPath>
            <PortNumber>1</PortNumber>
            <PortType>Outports</PortType>
            <Width>1</Width>
            <Index>1</Index>
         </Variable>
         <Variable IsInsideContract="0" IsNotInSimulink="0"
                   VariableName="CalculateminimumimpactpressureforwarningtopilotthatAGCASoperationisdegraded_1">
            <OriginPath>swim_12B_with_contracts_PP/swim_airspeed/CalculateminimumimpactpressureforwarningtopilotthatAGCASoperationisdegraded</OriginPath>
            <PortNumber>1</PortNumber>
            <PortType>Outports</PortType>
            <Width>1</Width>
            <Index>1</Index>
         </Variable>
         <Variable IsInsideContract="0" IsNotInSimulink="0"
                   VariableName="CalculatetheminimumcalibratedairspeedbasedonCatSwitch_1">
            <OriginPath>swim_12B_with_contracts_PP/swim_airspeed/CalculatetheminimumcalibratedairspeedbasedonCatSwitch</OriginPath>
            <PortNumber>1</PortNumber>
            <PortType>Outports</PortType>
            <Width>1</Width>
            <Index>1</Index>
         </Variable>
         <Variable IsInsideContract="0" IsNotInSimulink="0" VariableName="Gettheaircraftweight_1">
            <OriginPath>swim_12B_with_contracts_PP/swim_airspeed/Gettheaircraftweight</OriginPath>
            <PortNumber>1</PortNumber>
            <PortType>Outports</PortType>
            <Width>1</Width>
            <Index>1</Index>
         </Variable>
         <Variable IsInsideContract="0" IsNotInSimulink="0" VariableName="IssueWarning_1">
            <OriginPath>swim_12B_with_contracts_PP/swim_airspeed/IssueWarning</OriginPath>
            <PortNumber>1</PortNumber>
            <PortType>Outports</PortType>
            <Width>1</Width>
            <Index>1</Index>
         </Variable>
      </VarList>
   </Node>
   <Node IsContract="0" NodeName="swim_12B_with_contracts_PP"
         OriginPath="swim_12B_with_contracts_PP">
      <InputList>
         <Inport IsInsideContract="0" IsNotInSimulink="0"
                 VariableName="muxGet_T_Mux_AircraftGrossWeight_lbs_1">
            <OriginPath>swim_12B_with_contracts_PP/muxGet_T_Mux_AircraftGrossWeight_lbs</OriginPath>
            <PortNumber>1</PortNumber>
            <PortType>Outports</PortType>
            <Width>1</Width>
            <Index>1</Index>
         </Inport>
         <Inport IsInsideContract="0" IsNotInSimulink="0"
                 VariableName="diGet_S_CatSwitchPosition_1">
            <OriginPath>swim_12B_with_contracts_PP/diGet_S_CatSwitchPosition</OriginPath>
            <PortNumber>1</PortNumber>
            <PortType>Outports</PortType>
            <Width>1</Width>
            <Index>1</Index>
         </Inport>
         <Inport IsInsideContract="0" IsNotInSimulink="0" VariableName="E_AI_IMPACT_PRESSURE_1">
            <OriginPath>swim_12B_with_contracts_PP/E_AI_IMPACT_PRESSURE</OriginPath>
            <PortNumber>1</PortNumber>
            <PortType>Outports</PortType>
            <Width>1</Width>
            <Index>1</Index>
         </Inport>
         <Inport IsInsideContract="0" IsNotInSimulink="0"
                 VariableName="diGet_S_LandingGearAltFlap_1">
            <OriginPath>swim_12B_with_contracts_PP/diGet_S_LandingGearAltFlap</OriginPath>
            <PortNumber>1</PortNumber>
            <PortType>Outports</PortType>
            <Width>1</Width>
            <Index>1</Index>
         </Inport>
         <Inport IsInsideContract="0" IsNotInSimulink="0"
                 VariableName="muxGet_T_Mux_AirspeedMonitorEnable_1">
            <OriginPath>swim_12B_with_contracts_PP/muxGet_T_Mux_AirspeedMonitorEnable</OriginPath>
            <PortNumber>1</PortNumber>
            <PortType>Outports</PortType>
            <Width>1</Width>
            <Index>1</Index>
         </Inport>
         <Inport IsInsideContract="0" IsNotInSimulink="0"
                 VariableName="cvGet_V_AgcasLowSpeedWarn_1">
            <OriginPath>swim_12B_with_contracts_PP/cvGet_V_AgcasLowSpeedWarn</OriginPath>
            <PortNumber>1</PortNumber>
            <PortType>Outports</PortType>
            <Width>1</Width>
            <Index>1</Index>
         </Inport>
         <Inport IsInsideContract="0" IsNotInSimulink="0"
                 VariableName="olcGet_AgcasInterlocks_1">
            <OriginPath>swim_12B_with_contracts_PP/olcGet_AgcasInterlocks</OriginPath>
            <PortNumber>1</PortNumber>
            <PortType>Outports</PortType>
            <Width>1</Width>
            <Index>1</Index>
         </Inport>
      </InputList>
      <OutputList>
         <Outport IsInsideContract="0" IsNotInSimulink="0"
                  VariableName="swimGet_AgcasLowSpeedWarn_1">
            <OriginPath>swim_12B_with_contracts_PP/swimGet_AgcasLowSpeedWarn</OriginPath>
            <PortNumber>1</PortNumber>
            <PortType>Outports</PortType>
            <Width>1</Width>
            <Index>1</Index>
         </Outport>
         <Outport IsInsideContract="0" IsNotInSimulink="0"
                  VariableName="swimGet_QcMinDisable_lbspft2_1">
            <OriginPath>swim_12B_with_contracts_PP/swimGet_QcMinDisable_lbspft2</OriginPath>
            <PortNumber>1</PortNumber>
            <PortType>Outports</PortType>
            <Width>1</Width>
            <Index>1</Index>
         </Outport>
         <Outport IsInsideContract="0" IsNotInSimulink="0" VariableName="SWIM_Qcmin_lbspft2_1">
            <OriginPath>swim_12B_with_contracts_PP/SWIM_Qcmin_lbspft2</OriginPath>
            <PortNumber>1</PortNumber>
            <PortType>Outports</PortType>
            <Width>1</Width>
            <Index>1</Index>
         </Outport>
         <Outport IsInsideContract="0" IsNotInSimulink="0"
                  VariableName="SWIM_CalAirspeedmin_kts_1">
            <OriginPath>swim_12B_with_contracts_PP/SWIM_CalAirspeedmin_kts</OriginPath>
            <PortNumber>1</PortNumber>
            <PortType>Outports</PortType>
            <Width>1</Width>
            <Index>1</Index>
         </Outport>
         <Outport IsInsideContract="0" IsNotInSimulink="0" VariableName="SWIM_ASWarningAllowed_1">
            <OriginPath>swim_12B_with_contracts_PP/SWIM_ASWarningAllowed</OriginPath>
            <PortNumber>1</PortNumber>
            <PortType>Outports</PortType>
            <Width>1</Width>
            <Index>1</Index>
         </Outport>
      </OutputList>
      <VarList>
         <Variable IsInsideContract="0" IsNotInSimulink="0" VariableName="swim_airspeed_1">
            <OriginPath>swim_12B_with_contracts_PP/swim_airspeed</OriginPath>
            <PortNumber>1</PortNumber>
            <PortType>Outports</PortType>
            <Width>1</Width>
            <Index>1</Index>
         </Variable>
         <Variable IsInsideContract="0" IsNotInSimulink="0" VariableName="swim_airspeed_2">
            <OriginPath>swim_12B_with_contracts_PP/swim_airspeed</OriginPath>
            <PortNumber>2</PortNumber>
            <PortType>Outports</PortType>
            <Width>1</Width>
            <Index>1</Index>
         </Variable>
         <Variable IsInsideContract="0" IsNotInSimulink="0" VariableName="swim_airspeed_3">
            <OriginPath>swim_12B_with_contracts_PP/swim_airspeed</OriginPath>
            <PortNumber>3</PortNumber>
            <PortType>Outports</PortType>
            <Width>1</Width>
            <Index>1</Index>
         </Variable>
         <Variable IsInsideContract="0" IsNotInSimulink="0" VariableName="swim_airspeed_4">
            <OriginPath>swim_12B_with_contracts_PP/swim_airspeed</OriginPath>
            <PortNumber>4</PortNumber>
            <PortType>Outports</PortType>
            <Width>1</Width>
            <Index>1</Index>
         </Variable>
         <Variable IsInsideContract="0" IsNotInSimulink="0" VariableName="swim_airspeed_5">
            <OriginPath>swim_12B_with_contracts_PP/swim_airspeed</OriginPath>
            <PortNumber>5</PortNumber>
            <PortType>Outports</PortType>
            <Width>1</Width>
            <Index>1</Index>
         </Variable>
      </VarList>
   </Node>
</SLX2LusTrace>