<?xml version="1.0" encoding="utf-8"?>
<SLX2LusTrace ModelPath="/Users/hbourbou/Documents/babelfish/cocosim_tests/lm_new/2_tustin/CoCoSim/integrator_12B_with_contracts_Req_TUI001_PP.slx"><!--This file has been generated by the CoCoSim tool :01-Nov-2019 15:05:58--><Node IsContract="0" NodeName="Saturation_newline_Dynamic_22_118"
         OriginPath="integrator_12B_with_contracts_Req_TUI001_PP/Tustin&#xA;Integrator&#xA;(Limited, Resettable, States)/Saturation&#xA;Dynamic">
      <InputList>
         <Inport IsInsideContract="0" IsNotInSimulink="0" VariableName="up_1">
            <OriginPath>integrator_12B_with_contracts_Req_TUI001_PP/Tustin
Integrator
(Limited, Resettable, States)/Saturation
Dynamic/up</OriginPath>
            <PortNumber>1</PortNumber>
            <PortType>Outports</PortType>
            <Width>1</Width>
            <Index>1</Index>
         </Inport>
         <Inport IsInsideContract="0" IsNotInSimulink="0" VariableName="u_1">
            <OriginPath>integrator_12B_with_contracts_Req_TUI001_PP/Tustin
Integrator
(Limited, Resettable, States)/Saturation
Dynamic/u</OriginPath>
            <PortNumber>1</PortNumber>
            <PortType>Outports</PortType>
            <Width>1</Width>
            <Index>1</Index>
         </Inport>
         <Inport IsInsideContract="0" IsNotInSimulink="0" VariableName="lo_1">
            <OriginPath>integrator_12B_with_contracts_Req_TUI001_PP/Tustin
Integrator
(Limited, Resettable, States)/Saturation
Dynamic/lo</OriginPath>
            <PortNumber>1</PortNumber>
            <PortType>Outports</PortType>
            <Width>1</Width>
            <Index>1</Index>
         </Inport>
      </InputList>
      <OutputList>
         <Outport IsInsideContract="0" IsNotInSimulink="0" VariableName="y_1">
            <OriginPath>integrator_12B_with_contracts_Req_TUI001_PP/Tustin
Integrator
(Limited, Resettable, States)/Saturation
Dynamic/y</OriginPath>
            <PortNumber>1</PortNumber>
            <PortType>Outports</PortType>
            <Width>1</Width>
            <Index>1</Index>
         </Outport>
      </OutputList>
      <VarList>
         <Variable IsInsideContract="0" IsNotInSimulink="0" VariableName="LowerRelop1_1">
            <OriginPath>integrator_12B_with_contracts_Req_TUI001_PP/Tustin
Integrator
(Limited, Resettable, States)/Saturation
Dynamic/LowerRelop1</OriginPath>
            <PortNumber>1</PortNumber>
            <PortType>Outports</PortType>
            <Width>1</Width>
            <Index>1</Index>
         </Variable>
         <Variable IsInsideContract="0" IsNotInSimulink="0" VariableName="Switch_1">
            <OriginPath>integrator_12B_with_contracts_Req_TUI001_PP/Tustin
Integrator
(Limited, Resettable, States)/Saturation
Dynamic/Switch</OriginPath>
            <PortNumber>1</PortNumber>
            <PortType>Outports</PortType>
            <Width>1</Width>
            <Index>1</Index>
         </Variable>
         <Variable IsInsideContract="0" IsNotInSimulink="0" VariableName="Switch2_1">
            <OriginPath>integrator_12B_with_contracts_Req_TUI001_PP/Tustin
Integrator
(Limited, Resettable, States)/Saturation
Dynamic/Switch2</OriginPath>
            <PortNumber>1</PortNumber>
            <PortType>Outports</PortType>
            <Width>1</Width>
            <Index>1</Index>
         </Variable>
         <Variable IsInsideContract="0" IsNotInSimulink="0" VariableName="UpperRelop_1">
            <OriginPath>integrator_12B_with_contracts_Req_TUI001_PP/Tustin
Integrator
(Limited, Resettable, States)/Saturation
Dynamic/UpperRelop</OriginPath>
            <PortNumber>1</PortNumber>
            <PortType>Outports</PortType>
            <Width>1</Width>
            <Index>1</Index>
         </Variable>
      </VarList>
   </Node>
   <Node IsContract="0" NodeName="bounds_63_125"
         OriginPath="integrator_12B_with_contracts_Req_TUI001_PP/Tustin&#xA;Integrator&#xA;(Limited, Resettable, States)/bounds">
      <InputList>
         <Inport IsInsideContract="0" IsNotInSimulink="0" VariableName="TL_1">
            <OriginPath>integrator_12B_with_contracts_Req_TUI001_PP/Tustin
Integrator
(Limited, Resettable, States)/bounds/TL</OriginPath>
            <PortNumber>1</PortNumber>
            <PortType>Outports</PortType>
            <Width>1</Width>
            <Index>1</Index>
         </Inport>
         <Inport IsInsideContract="0" IsNotInSimulink="0" VariableName="BL_1">
            <OriginPath>integrator_12B_with_contracts_Req_TUI001_PP/Tustin
Integrator
(Limited, Resettable, States)/bounds/BL</OriginPath>
            <PortNumber>1</PortNumber>
            <PortType>Outports</PortType>
            <Width>1</Width>
            <Index>1</Index>
         </Inport>
      </InputList>
      <OutputList>
         <Outport IsInsideContract="0" IsNotInSimulink="0" VariableName="TLc_1">
            <OriginPath>integrator_12B_with_contracts_Req_TUI001_PP/Tustin
Integrator
(Limited, Resettable, States)/bounds/TLc</OriginPath>
            <PortNumber>1</PortNumber>
            <PortType>Outports</PortType>
            <Width>1</Width>
            <Index>1</Index>
         </Outport>
         <Outport IsInsideContract="0" IsNotInSimulink="0" VariableName="BLc_1">
            <OriginPath>integrator_12B_with_contracts_Req_TUI001_PP/Tustin
Integrator
(Limited, Resettable, States)/bounds/BLc</OriginPath>
            <PortNumber>1</PortNumber>
            <PortType>Outports</PortType>
            <Width>1</Width>
            <Index>1</Index>
         </Outport>
      </OutputList>
      <VarList>
         <Variable IsInsideContract="0" IsNotInSimulink="0" VariableName="RelationalOperator_1">
            <OriginPath>integrator_12B_with_contracts_Req_TUI001_PP/Tustin
Integrator
(Limited, Resettable, States)/bounds/Relational Operator</OriginPath>
            <PortNumber>1</PortNumber>
            <PortType>Outports</PortType>
            <Width>1</Width>
            <Index>1</Index>
         </Variable>
         <Variable IsInsideContract="0" IsNotInSimulink="0" VariableName="Switch1_1">
            <OriginPath>integrator_12B_with_contracts_Req_TUI001_PP/Tustin
Integrator
(Limited, Resettable, States)/bounds/Switch1</OriginPath>
            <PortNumber>1</PortNumber>
            <PortType>Outports</PortType>
            <Width>1</Width>
            <Index>1</Index>
         </Variable>
         <Variable IsInsideContract="0" IsNotInSimulink="0" VariableName="Switch2_1">
            <OriginPath>integrator_12B_with_contracts_Req_TUI001_PP/Tustin
Integrator
(Limited, Resettable, States)/bounds/Switch2</OriginPath>
            <PortNumber>1</PortNumber>
            <PortType>Outports</PortType>
            <Width>1</Width>
            <Index>1</Index>
         </Variable>
      </VarList>
   </Node>
   <Node IsContract="0"
         NodeName="Tustin_newline_Integrator_newline__lpar_Limited_comma_Resettable_comma_States_rpar__9_119"
         OriginPath="integrator_12B_with_contracts_Req_TUI001_PP/Tustin&#xA;Integrator&#xA;(Limited, Resettable, States)">
      <InputList>
         <Inport IsInsideContract="0" IsNotInSimulink="0" VariableName="xin_1">
            <OriginPath>integrator_12B_with_contracts_Req_TUI001_PP/Tustin
Integrator
(Limited, Resettable, States)/xin</OriginPath>
            <PortNumber>1</PortNumber>
            <PortType>Outports</PortType>
            <Width>1</Width>
            <Index>1</Index>
         </Inport>
         <Inport IsInsideContract="0" IsNotInSimulink="0" VariableName="T_1">
            <OriginPath>integrator_12B_with_contracts_Req_TUI001_PP/Tustin
Integrator
(Limited, Resettable, States)/T</OriginPath>
            <PortNumber>1</PortNumber>
            <PortType>Outports</PortType>
            <Width>1</Width>
            <Index>1</Index>
         </Inport>
         <Inport IsInsideContract="0" IsNotInSimulink="0" VariableName="TL_1">
            <OriginPath>integrator_12B_with_contracts_Req_TUI001_PP/Tustin
Integrator
(Limited, Resettable, States)/TL</OriginPath>
            <PortNumber>1</PortNumber>
            <PortType>Outports</PortType>
            <Width>1</Width>
            <Index>1</Index>
         </Inport>
         <Inport IsInsideContract="0" IsNotInSimulink="0" VariableName="BL_1">
            <OriginPath>integrator_12B_with_contracts_Req_TUI001_PP/Tustin
Integrator
(Limited, Resettable, States)/BL</OriginPath>
            <PortNumber>1</PortNumber>
            <PortType>Outports</PortType>
            <Width>1</Width>
            <Index>1</Index>
         </Inport>
         <Inport IsInsideContract="0" IsNotInSimulink="0" VariableName="reset_1">
            <OriginPath>integrator_12B_with_contracts_Req_TUI001_PP/Tustin
Integrator
(Limited, Resettable, States)/reset</OriginPath>
            <PortNumber>1</PortNumber>
            <PortType>Outports</PortType>
            <Width>1</Width>
            <Index>1</Index>
         </Inport>
         <Inport IsInsideContract="0" IsNotInSimulink="0" VariableName="ic_1">
            <OriginPath>integrator_12B_with_contracts_Req_TUI001_PP/Tustin
Integrator
(Limited, Resettable, States)/ic</OriginPath>
            <PortNumber>1</PortNumber>
            <PortType>Outports</PortType>
            <Width>1</Width>
            <Index>1</Index>
         </Inport>
      </InputList>
      <OutputList>
         <Outport IsInsideContract="0" IsNotInSimulink="0" VariableName="yout_1">
            <OriginPath>integrator_12B_with_contracts_Req_TUI001_PP/Tustin
Integrator
(Limited, Resettable, States)/yout</OriginPath>
            <PortNumber>1</PortNumber>
            <PortType>Outports</PortType>
            <Width>1</Width>
            <Index>1</Index>
         </Outport>
      </OutputList>
      <VarList>
         <Variable IsInsideContract="0" IsNotInSimulink="0" VariableName="Gain_1">
            <OriginPath>integrator_12B_with_contracts_Req_TUI001_PP/Tustin
Integrator
(Limited, Resettable, States)/Gain</OriginPath>
            <PortNumber>1</PortNumber>
            <PortType>Outports</PortType>
            <Width>1</Width>
            <Index>1</Index>
         </Variable>
         <Variable IsInsideContract="0" IsNotInSimulink="0" VariableName="Product_1">
            <OriginPath>integrator_12B_with_contracts_Req_TUI001_PP/Tustin
Integrator
(Limited, Resettable, States)/Product</OriginPath>
            <PortNumber>1</PortNumber>
            <PortType>Outports</PortType>
            <Width>1</Width>
            <Index>1</Index>
         </Variable>
         <Variable IsInsideContract="0" IsNotInSimulink="0"
                   VariableName="Saturation_newline_Dynamic_1">
            <OriginPath>integrator_12B_with_contracts_Req_TUI001_PP/Tustin
Integrator
(Limited, Resettable, States)/Saturation
Dynamic</OriginPath>
            <PortNumber>1</PortNumber>
            <PortType>Outports</PortType>
            <Width>1</Width>
            <Index>1</Index>
         </Variable>
         <Variable IsInsideContract="0" IsNotInSimulink="0" VariableName="Sum_1">
            <OriginPath>integrator_12B_with_contracts_Req_TUI001_PP/Tustin
Integrator
(Limited, Resettable, States)/Sum</OriginPath>
            <PortNumber>1</PortNumber>
            <PortType>Outports</PortType>
            <Width>1</Width>
            <Index>1</Index>
         </Variable>
         <Variable IsInsideContract="0" IsNotInSimulink="0" VariableName="Sum1_1">
            <OriginPath>integrator_12B_with_contracts_Req_TUI001_PP/Tustin
Integrator
(Limited, Resettable, States)/Sum1</OriginPath>
            <PortNumber>1</PortNumber>
            <PortType>Outports</PortType>
            <Width>1</Width>
            <Index>1</Index>
         </Variable>
         <Variable IsInsideContract="0" IsNotInSimulink="0" VariableName="Switch_1">
            <OriginPath>integrator_12B_with_contracts_Req_TUI001_PP/Tustin
Integrator
(Limited, Resettable, States)/Switch</OriginPath>
            <PortNumber>1</PortNumber>
            <PortType>Outports</PortType>
            <Width>1</Width>
            <Index>1</Index>
         </Variable>
         <Variable IsInsideContract="0" IsNotInSimulink="0" VariableName="UnitDelay_1">
            <OriginPath>integrator_12B_with_contracts_Req_TUI001_PP/Tustin
Integrator
(Limited, Resettable, States)/Unit Delay</OriginPath>
            <PortNumber>1</PortNumber>
            <PortType>Outports</PortType>
            <Width>1</Width>
            <Index>1</Index>
         </Variable>
         <Variable IsInsideContract="0" IsNotInSimulink="0" VariableName="UnitDelay1_1">
            <OriginPath>integrator_12B_with_contracts_Req_TUI001_PP/Tustin
Integrator
(Limited, Resettable, States)/Unit Delay1</OriginPath>
            <PortNumber>1</PortNumber>
            <PortType>Outports</PortType>
            <Width>1</Width>
            <Index>1</Index>
         </Variable>
         <Variable IsInsideContract="0" IsNotInSimulink="0" VariableName="bounds_1">
            <OriginPath>integrator_12B_with_contracts_Req_TUI001_PP/Tustin
Integrator
(Limited, Resettable, States)/bounds</OriginPath>
            <PortNumber>1</PortNumber>
            <PortType>Outports</PortType>
            <Width>1</Width>
            <Index>1</Index>
         </Variable>
         <Variable IsInsideContract="0" IsNotInSimulink="0" VariableName="bounds_2">
            <OriginPath>integrator_12B_with_contracts_Req_TUI001_PP/Tustin
Integrator
(Limited, Resettable, States)/bounds</OriginPath>
            <PortNumber>2</PortNumber>
            <PortType>Outports</PortType>
            <Width>1</Width>
            <Index>1</Index>
         </Variable>
      </VarList>
   </Node>
   <Node IsContract="0" NodeName="TUI001_118_120"
         OriginPath="integrator_12B_with_contracts_Req_TUI001_PP/integrator_12B_Tustin_IntegratorSpec/TUI001">
      <InputList>
         <Inport IsInsideContract="0" IsNotInSimulink="0" VariableName="In1_1">
            <OriginPath>integrator_12B_with_contracts_Req_TUI001_PP/integrator_12B_Tustin_IntegratorSpec/TUI001/In1</OriginPath>
            <PortNumber>1</PortNumber>
            <PortType>Outports</PortType>
            <Width>1</Width>
            <Index>1</Index>
         </Inport>
      </InputList>
      <OutputList>
         <Outport IsInsideContract="0" IsNotInSimulink="0" VariableName="guarantee_1">
            <OriginPath>integrator_12B_with_contracts_Req_TUI001_PP/integrator_12B_Tustin_IntegratorSpec/TUI001/guarantee</OriginPath>
            <PortNumber>1</PortNumber>
            <PortType>Outports</PortType>
            <Width>1</Width>
            <Index>1</Index>
         </Outport>
      </OutputList>
      <VarList/>
   </Node>
   <Node IsContract="0" NodeName="assume_124_119"
         OriginPath="integrator_12B_with_contracts_Req_TUI001_PP/integrator_12B_Tustin_IntegratorSpec/assume">
      <InputList>
         <Inport IsInsideContract="0" IsNotInSimulink="0" VariableName="In1_1">
            <OriginPath>integrator_12B_with_contracts_Req_TUI001_PP/integrator_12B_Tustin_IntegratorSpec/assume/In1</OriginPath>
            <PortNumber>1</PortNumber>
            <PortType>Outports</PortType>
            <Width>1</Width>
            <Index>1</Index>
         </Inport>
      </InputList>
      <OutputList>
         <Outport IsInsideContract="0" IsNotInSimulink="0" VariableName="assume_1">
            <OriginPath>integrator_12B_with_contracts_Req_TUI001_PP/integrator_12B_Tustin_IntegratorSpec/assume/assume</OriginPath>
            <PortNumber>1</PortNumber>
            <PortType>Outports</PortType>
            <Width>1</Width>
            <Index>1</Index>
         </Outport>
      </OutputList>
      <VarList/>
   </Node>
   <Node IsContract="0" NodeName="spec136_operator_129_125"
         OriginPath="integrator_12B_with_contracts_Req_TUI001_PP/integrator_12B_Tustin_IntegratorSpec/spec136_operator">
      <InputList>
         <Inport IsInsideContract="0" IsNotInSimulink="0" VariableName="A_1">
            <OriginPath>integrator_12B_with_contracts_Req_TUI001_PP/integrator_12B_Tustin_IntegratorSpec/spec136_operator/A</OriginPath>
            <PortNumber>1</PortNumber>
            <PortType>Outports</PortType>
            <Width>1</Width>
            <Index>1</Index>
         </Inport>
         <Inport IsInsideContract="0" IsNotInSimulink="0" VariableName="B_1">
            <OriginPath>integrator_12B_with_contracts_Req_TUI001_PP/integrator_12B_Tustin_IntegratorSpec/spec136_operator/B</OriginPath>
            <PortNumber>1</PortNumber>
            <PortType>Outports</PortType>
            <Width>1</Width>
            <Index>1</Index>
         </Inport>
      </InputList>
      <OutputList>
         <Outport IsInsideContract="0" IsNotInSimulink="0" VariableName="A_equal__equal__gt_B_1">
            <OriginPath>integrator_12B_with_contracts_Req_TUI001_PP/integrator_12B_Tustin_IntegratorSpec/spec136_operator/A ==&gt; B</OriginPath>
            <PortNumber>1</PortNumber>
            <PortType>Outports</PortType>
            <Width>1</Width>
            <Index>1</Index>
         </Outport>
      </OutputList>
      <VarList>
         <Variable IsInsideContract="0" IsNotInSimulink="0"
                   VariableName="Logical_newline_Operator_1">
            <OriginPath>integrator_12B_with_contracts_Req_TUI001_PP/integrator_12B_Tustin_IntegratorSpec/spec136_operator/Logical
Operator</OriginPath>
            <PortNumber>1</PortNumber>
            <PortType>Outports</PortType>
            <Width>1</Width>
            <Index>1</Index>
         </Variable>
         <Variable IsInsideContract="0" IsNotInSimulink="0"
                   VariableName="Logical_newline_Operator1_1">
            <OriginPath>integrator_12B_with_contracts_Req_TUI001_PP/integrator_12B_Tustin_IntegratorSpec/spec136_operator/Logical
Operator1</OriginPath>
            <PortNumber>1</PortNumber>
            <PortType>Outports</PortType>
            <Width>1</Width>
            <Index>1</Index>
         </Variable>
      </VarList>
   </Node>
   <Node IsContract="1" NodeName="integrator_12B_Tustin_IntegratorSpec_110_124"
         OriginPath="integrator_12B_with_contracts_Req_TUI001_PP/integrator_12B_Tustin_IntegratorSpec">
      <InputList>
         <Inport IsInsideContract="1" IsNotInSimulink="0"
                 VariableName="Tustin_IntegratorSpec_RESET_1">
            <OriginPath>integrator_12B_with_contracts_Req_TUI001_PP/integrator_12B_Tustin_IntegratorSpec/Tustin_IntegratorSpec_RESET</OriginPath>
            <PortNumber>1</PortNumber>
            <PortType>Outports</PortType>
            <Width>1</Width>
            <Index>1</Index>
         </Inport>
         <Inport IsInsideContract="1" IsNotInSimulink="0"
                 VariableName="Tustin_IntegratorSpec_T_1">
            <OriginPath>integrator_12B_with_contracts_Req_TUI001_PP/integrator_12B_Tustin_IntegratorSpec/Tustin_IntegratorSpec_T</OriginPath>
            <PortNumber>1</PortNumber>
            <PortType>Outports</PortType>
            <Width>1</Width>
            <Index>1</Index>
         </Inport>
         <Inport IsInsideContract="1" IsNotInSimulink="0"
                 VariableName="Tustin_IntegratorSpec_BL_1">
            <OriginPath>integrator_12B_with_contracts_Req_TUI001_PP/integrator_12B_Tustin_IntegratorSpec/Tustin_IntegratorSpec_BL</OriginPath>
            <PortNumber>1</PortNumber>
            <PortType>Outports</PortType>
            <Width>1</Width>
            <Index>1</Index>
         </Inport>
         <Inport IsInsideContract="1" IsNotInSimulink="0"
                 VariableName="Tustin_IntegratorSpec_TL_1">
            <OriginPath>integrator_12B_with_contracts_Req_TUI001_PP/integrator_12B_Tustin_IntegratorSpec/Tustin_IntegratorSpec_TL</OriginPath>
            <PortNumber>1</PortNumber>
            <PortType>Outports</PortType>
            <Width>1</Width>
            <Index>1</Index>
         </Inport>
         <Inport IsInsideContract="1" IsNotInSimulink="0"
                 VariableName="Tustin_IntegratorSpec_IC_1">
            <OriginPath>integrator_12B_with_contracts_Req_TUI001_PP/integrator_12B_Tustin_IntegratorSpec/Tustin_IntegratorSpec_IC</OriginPath>
            <PortNumber>1</PortNumber>
            <PortType>Outports</PortType>
            <Width>1</Width>
            <Index>1</Index>
         </Inport>
         <Inport IsInsideContract="1" IsNotInSimulink="0"
                 VariableName="Tustin_IntegratorSpec_xin_1">
            <OriginPath>integrator_12B_with_contracts_Req_TUI001_PP/integrator_12B_Tustin_IntegratorSpec/Tustin_IntegratorSpec_xin</OriginPath>
            <PortNumber>1</PortNumber>
            <PortType>Outports</PortType>
            <Width>1</Width>
            <Index>1</Index>
         </Inport>
         <Inport IsInsideContract="1" IsNotInSimulink="0"
                 VariableName="Tustin_IntegratorSpec_yout_1">
            <OriginPath>integrator_12B_with_contracts_Req_TUI001_PP/integrator_12B_Tustin_IntegratorSpec/Tustin_IntegratorSpec_yout</OriginPath>
            <PortNumber>1</PortNumber>
            <PortType>Outports</PortType>
            <Width>1</Width>
            <Index>1</Index>
         </Inport>
      </InputList>
      <OutputList>
         <Outport IsInsideContract="1" IsNotInSimulink="0" VariableName="valid_1">
            <OriginPath>integrator_12B_with_contracts_Req_TUI001_PP/integrator_12B_Tustin_IntegratorSpec/valid</OriginPath>
            <PortNumber>1</PortNumber>
            <PortType>Outports</PortType>
            <Width>1</Width>
            <Index>1</Index>
         </Outport>
      </OutputList>
      <VarList>
         <Variable IsInsideContract="1" IsNotInSimulink="0" VariableName="TUI001_1">
            <OriginPath>integrator_12B_with_contracts_Req_TUI001_PP/integrator_12B_Tustin_IntegratorSpec/TUI001</OriginPath>
            <PortNumber>1</PortNumber>
            <PortType>Outports</PortType>
            <Width>1</Width>
            <Index>1</Index>
         </Variable>
         <Variable IsInsideContract="1" IsNotInSimulink="0" VariableName="assume_1">
            <OriginPath>integrator_12B_with_contracts_Req_TUI001_PP/integrator_12B_Tustin_IntegratorSpec/assume</OriginPath>
            <PortNumber>1</PortNumber>
            <PortType>Outports</PortType>
            <Width>1</Width>
            <Index>1</Index>
         </Variable>
         <Variable IsInsideContract="1" IsNotInSimulink="0" VariableName="spec116_operator_1">
            <OriginPath>integrator_12B_with_contracts_Req_TUI001_PP/integrator_12B_Tustin_IntegratorSpec/spec116_operator</OriginPath>
            <PortNumber>1</PortNumber>
            <PortType>Outports</PortType>
            <Width>1</Width>
            <Index>1</Index>
         </Variable>
         <Variable IsInsideContract="1" IsNotInSimulink="0" VariableName="spec136_operator_1">
            <OriginPath>integrator_12B_with_contracts_Req_TUI001_PP/integrator_12B_Tustin_IntegratorSpec/spec136_operator</OriginPath>
            <PortNumber>1</PortNumber>
            <PortType>Outports</PortType>
            <Width>1</Width>
            <Index>1</Index>
         </Variable>
         <Variable IsInsideContract="1" IsNotInSimulink="0"
                   VariableName="xxTustin_IntegratorSpec_1_operator_1">
            <OriginPath>integrator_12B_with_contracts_Req_TUI001_PP/integrator_12B_Tustin_IntegratorSpec/xxTustin_IntegratorSpec_1_operator</OriginPath>
            <PortNumber>1</PortNumber>
            <PortType>Outports</PortType>
            <Width>1</Width>
            <Index>1</Index>
         </Variable>
         <Variable IsInsideContract="1" IsNotInSimulink="0"
                   VariableName="xxTustin_IntegratorSpec_2_operator_1">
            <OriginPath>integrator_12B_with_contracts_Req_TUI001_PP/integrator_12B_Tustin_IntegratorSpec/xxTustin_IntegratorSpec_2_operator</OriginPath>
            <PortNumber>1</PortNumber>
            <PortType>Outports</PortType>
            <Width>1</Width>
            <Index>1</Index>
         </Variable>
         <Variable IsInsideContract="1" IsNotInSimulink="0"
                   VariableName="xxTustin_IntegratorSpec_3_operator_1">
            <OriginPath>integrator_12B_with_contracts_Req_TUI001_PP/integrator_12B_Tustin_IntegratorSpec/xxTustin_IntegratorSpec_3_operator</OriginPath>
            <PortNumber>1</PortNumber>
            <PortType>Outports</PortType>
            <Width>1</Width>
            <Index>1</Index>
         </Variable>
         <Variable IsInsideContract="1" IsNotInSimulink="0"
                   VariableName="xxTustin_IntegratorSpec_4_operator_1">
            <OriginPath>integrator_12B_with_contracts_Req_TUI001_PP/integrator_12B_Tustin_IntegratorSpec/xxTustin_IntegratorSpec_4_operator</OriginPath>
            <PortNumber>1</PortNumber>
            <PortType>Outports</PortType>
            <Width>1</Width>
            <Index>1</Index>
         </Variable>
         <Variable IsInsideContract="1" IsNotInSimulink="0"
                   VariableName="xxTustin_IntegratorSpec_5_operator_1">
            <OriginPath>integrator_12B_with_contracts_Req_TUI001_PP/integrator_12B_Tustin_IntegratorSpec/xxTustin_IntegratorSpec_5_operator</OriginPath>
            <PortNumber>1</PortNumber>
            <PortType>Outports</PortType>
            <Width>1</Width>
            <Index>1</Index>
         </Variable>
      </VarList>
   </Node>
   <Property OriginPath="integrator_12B_with_contracts_Req_TUI001_PP/integrator_12B_Tustin_IntegratorSpec/TUI001"
             ParentName="integrator_12B_Tustin_IntegratorSpec_110_124"
             PropertyName="TUI001_118_120"
             PropertyType="guarantee"/>
   <Property OriginPath="integrator_12B_with_contracts_Req_TUI001_PP/integrator_12B_Tustin_IntegratorSpec/assume"
             ParentName="integrator_12B_Tustin_IntegratorSpec_110_124"
             PropertyName="assume_124_119"
             PropertyType="assume"/>
   <Node IsContract="0" NodeName="integrator_12B_with_contracts_Req_TUI001_PP"
         OriginPath="integrator_12B_with_contracts_Req_TUI001_PP">
      <InputList>
         <Inport IsInsideContract="0" IsNotInSimulink="0" VariableName="xin_1">
            <OriginPath>integrator_12B_with_contracts_Req_TUI001_PP/xin</OriginPath>
            <PortNumber>1</PortNumber>
            <PortType>Outports</PortType>
            <Width>1</Width>
            <Index>1</Index>
         </Inport>
         <Inport IsInsideContract="0" IsNotInSimulink="0" VariableName="reset_1">
            <OriginPath>integrator_12B_with_contracts_Req_TUI001_PP/reset</OriginPath>
            <PortNumber>1</PortNumber>
            <PortType>Outports</PortType>
            <Width>1</Width>
            <Index>1</Index>
         </Inport>
         <Inport IsInsideContract="0" IsNotInSimulink="0" VariableName="T_1">
            <OriginPath>integrator_12B_with_contracts_Req_TUI001_PP/T</OriginPath>
            <PortNumber>1</PortNumber>
            <PortType>Outports</PortType>
            <Width>1</Width>
            <Index>1</Index>
         </Inport>
         <Inport IsInsideContract="0" IsNotInSimulink="0" VariableName="ic_1">
            <OriginPath>integrator_12B_with_contracts_Req_TUI001_PP/ic</OriginPath>
            <PortNumber>1</PortNumber>
            <PortType>Outports</PortType>
            <Width>1</Width>
            <Index>1</Index>
         </Inport>
         <Inport IsInsideContract="0" IsNotInSimulink="0" VariableName="TL_1">
            <OriginPath>integrator_12B_with_contracts_Req_TUI001_PP/TL</OriginPath>
            <PortNumber>1</PortNumber>
            <PortType>Outports</PortType>
            <Width>1</Width>
            <Index>1</Index>
         </Inport>
         <Inport IsInsideContract="0" IsNotInSimulink="0" VariableName="BL_1">
            <OriginPath>integrator_12B_with_contracts_Req_TUI001_PP/BL</OriginPath>
            <PortNumber>1</PortNumber>
            <PortType>Outports</PortType>
            <Width>1</Width>
            <Index>1</Index>
         </Inport>
      </InputList>
      <OutputList>
         <Outport IsInsideContract="0" IsNotInSimulink="0" VariableName="yout_1">
            <OriginPath>integrator_12B_with_contracts_Req_TUI001_PP/yout</OriginPath>
            <PortNumber>1</PortNumber>
            <PortType>Outports</PortType>
            <Width>1</Width>
            <Index>1</Index>
         </Outport>
      </OutputList>
      <VarList>
         <Variable IsInsideContract="0" IsNotInSimulink="0"
                   VariableName="Tustin_newline_Integrator_newline__lpar_Limited_comma_Resettable_comma_States_rpar__1">
            <OriginPath>integrator_12B_with_contracts_Req_TUI001_PP/Tustin
Integrator
(Limited, Resettable, States)</OriginPath>
            <PortNumber>1</PortNumber>
            <PortType>Outports</PortType>
            <Width>1</Width>
            <Index>1</Index>
         </Variable>
      </VarList>
   </Node>
</SLX2LusTrace>