<?xml version="1.0"?>
<Results xmlns:xsi="http://www.w3.org/2001/XMLSchema-instance" enabled="bmc,ind,ind2,ic3,invgents,invgenos,invgenintos,invgenintos" timeout="7200.000000" bmc_max="0" compositional="true" modular="true">


<Log class="info" source="parse">kind2 v1.1.0</Log>
<Log class="warn" source="parse" line="1615" column="3">Unguarded pre in expression (pre Out1_1)</Log>
<Log class="warn" source="parse" line="1644" column="3">Unguarded pre in expression (pre Out1_1)</Log>
<Log class="warn" source="parse" line="1673" column="3">Unguarded pre in expression (pre Out1_1)</Log>
<Log class="warn" source="parse" line="1702" column="3">Unguarded pre in expression (pre Out1_1)</Log>
<Log class="warn" source="parse" line="1770" column="3">Unguarded pre in expression (pre Out1_1)</Log>
<Log class="warn" source="parse" line="1799" column="3">Unguarded pre in expression (pre Out1_1)</Log>
<Log class="warn" source="parse" line="1828" column="3">Unguarded pre in expression (pre Out1_1)</Log>
<Log class="warn" source="parse" line="1857" column="3">Unguarded pre in expression (pre Out1_1)</Log>
<Log class="warn" source="parse" line="1925" column="3">Unguarded pre in expression (pre Out1_1)</Log>
<Log class="warn" source="parse" line="1954" column="3">Unguarded pre in expression (pre Out1_1)</Log>
<Log class="warn" source="parse" line="1983" column="3">Unguarded pre in expression (pre Out1_1)</Log>
<Log class="warn" source="parse" line="2012" column="3">Unguarded pre in expression (pre Out1_1)</Log>
<Log class="warn" source="parse" line="2080" column="3">Unguarded pre in expression (pre Out1_1)</Log>
<Log class="warn" source="parse" line="2109" column="3">Unguarded pre in expression (pre Out1_1)</Log>
<Log class="warn" source="parse" line="2138" column="3">Unguarded pre in expression (pre Out1_1)</Log>
<Log class="warn" source="parse" line="2167" column="3">Unguarded pre in expression (pre Out1_1)</Log>
<Log class="warn" source="parse" line="2235" column="3">Unguarded pre in expression (pre Out1_1)</Log>
<Log class="warn" source="parse" line="2264" column="3">Unguarded pre in expression (pre Out1_1)</Log>
<Log class="warn" source="parse" line="2293" column="3">Unguarded pre in expression (pre Out1_1)</Log>
<Log class="warn" source="parse" line="2322" column="3">Unguarded pre in expression (pre Out1_1)</Log>
<Log class="warn" source="parse" line="2390" column="3">Unguarded pre in expression (pre Out1_1)</Log>
<Log class="warn" source="parse" line="2419" column="3">Unguarded pre in expression (pre Out1_1)</Log>
<Log class="warn" source="parse" line="2448" column="3">Unguarded pre in expression (pre Out1_1)</Log>
<Log class="warn" source="parse" line="2477" column="3">Unguarded pre in expression (pre Out1_1)</Log>
<Log class="warn" source="parse" line="2545" column="3">Unguarded pre in expression (pre Out1_1)</Log>
<Log class="warn" source="parse" line="2574" column="3">Unguarded pre in expression (pre Out1_1)</Log>
<Log class="warn" source="parse" line="2603" column="3">Unguarded pre in expression (pre Out1_1)</Log>
<Log class="warn" source="parse" line="2632" column="3">Unguarded pre in expression (pre Out1_1)</Log>
<Log class="warn" source="parse" line="2700" column="3">Unguarded pre in expression (pre Out1_1)</Log>
<Log class="warn" source="parse" line="2729" column="3">Unguarded pre in expression (pre Out1_1)</Log>
<Log class="warn" source="parse" line="2758" column="3">Unguarded pre in expression (pre Out1_1)</Log>
<Log class="warn" source="parse" line="2787" column="3">Unguarded pre in expression (pre Out1_1)</Log>
<Log class="warn" source="parse" line="2855" column="3">Unguarded pre in expression (pre Out1_1)</Log>
<Log class="warn" source="parse" line="2884" column="3">Unguarded pre in expression (pre Out1_1)</Log>
<Log class="warn" source="parse" line="2913" column="3">Unguarded pre in expression (pre Out1_1)</Log>
<Log class="warn" source="parse" line="2942" column="3">Unguarded pre in expression (pre Out1_1)</Log>
<Log class="warn" source="parse" line="3010" column="3">Unguarded pre in expression (pre Out1_1)</Log>
<Log class="warn" source="parse" line="3039" column="3">Unguarded pre in expression (pre Out1_1)</Log>
<Log class="warn" source="parse" line="3068" column="3">Unguarded pre in expression (pre Out1_1)</Log>
<Log class="warn" source="parse" line="3097" column="3">Unguarded pre in expression (pre Out1_1)</Log>
<Log class="warn" source="parse" line="3203" column="3">Unguarded pre in expression (pre Out1_1)</Log>
<Log class="warn" source="parse" line="3232" column="3">Unguarded pre in expression (pre Out1_1)</Log>
<Log class="warn" source="parse" line="3261" column="3">Unguarded pre in expression (pre Out1_1)</Log>
<Log class="warn" source="parse" line="3290" column="3">Unguarded pre in expression (pre Out1_1)</Log>
<Log class="warn" source="parse" line="3358" column="3">Unguarded pre in expression (pre Out1_1)</Log>
<Log class="warn" source="parse" line="3387" column="3">Unguarded pre in expression (pre Out1_1)</Log>
<Log class="warn" source="parse" line="3416" column="3">Unguarded pre in expression (pre Out1_1)</Log>
<Log class="warn" source="parse" line="3445" column="3">Unguarded pre in expression (pre Out1_1)</Log>
<Log class="warn" source="parse" line="3513" column="3">Unguarded pre in expression (pre Out1_1)</Log>
<Log class="warn" source="parse" line="3542" column="3">Unguarded pre in expression (pre Out1_1)</Log>
<Log class="warn" source="parse" line="3571" column="3">Unguarded pre in expression (pre Out1_1)</Log>
<Log class="warn" source="parse" line="3600" column="3">Unguarded pre in expression (pre Out1_1)</Log>
<Log class="warn" source="parse" line="3668" column="3">Unguarded pre in expression (pre Out1_1)</Log>
<Log class="warn" source="parse" line="3697" column="3">Unguarded pre in expression (pre Out1_1)</Log>
<Log class="warn" source="parse" line="3726" column="3">Unguarded pre in expression (pre Out1_1)</Log>
<Log class="warn" source="parse" line="3755" column="3">Unguarded pre in expression (pre Out1_1)</Log>
<Log class="warn" source="parse" line="3823" column="3">Unguarded pre in expression (pre Out1_1)</Log>
<Log class="warn" source="parse" line="3852" column="3">Unguarded pre in expression (pre Out1_1)</Log>
<Log class="warn" source="parse" line="3881" column="3">Unguarded pre in expression (pre Out1_1)</Log>
<Log class="warn" source="parse" line="3910" column="3">Unguarded pre in expression (pre Out1_1)</Log>
<Log class="warn" source="parse" line="3978" column="3">Unguarded pre in expression (pre Out1_1)</Log>
<Log class="warn" source="parse" line="4007" column="3">Unguarded pre in expression (pre Out1_1)</Log>
<Log class="warn" source="parse" line="4036" column="3">Unguarded pre in expression (pre Out1_1)</Log>
<Log class="warn" source="parse" line="4065" column="3">Unguarded pre in expression (pre Out1_1)</Log>
<Log class="warn" source="parse" line="4133" column="3">Unguarded pre in expression (pre Out1_1)</Log>
<Log class="warn" source="parse" line="4162" column="3">Unguarded pre in expression (pre Out1_1)</Log>
<Log class="warn" source="parse" line="4191" column="3">Unguarded pre in expression (pre Out1_1)</Log>
<Log class="warn" source="parse" line="4220" column="3">Unguarded pre in expression (pre Out1_1)</Log>
<Log class="warn" source="parse" line="4288" column="3">Unguarded pre in expression (pre Out1_1)</Log>
<Log class="warn" source="parse" line="4317" column="3">Unguarded pre in expression (pre Out1_1)</Log>
<Log class="warn" source="parse" line="4346" column="3">Unguarded pre in expression (pre Out1_1)</Log>
<Log class="warn" source="parse" line="4375" column="3">Unguarded pre in expression (pre Out1_1)</Log>
<Log class="warn" source="parse" line="4443" column="3">Unguarded pre in expression (pre Out1_1)</Log>
<Log class="warn" source="parse" line="4472" column="3">Unguarded pre in expression (pre Out1_1)</Log>
<Log class="warn" source="parse" line="4501" column="3">Unguarded pre in expression (pre Out1_1)</Log>
<Log class="warn" source="parse" line="4530" column="3">Unguarded pre in expression (pre Out1_1)</Log>
<Log class="warn" source="parse" line="4598" column="3">Unguarded pre in expression (pre Out1_1)</Log>
<Log class="warn" source="parse" line="4627" column="3">Unguarded pre in expression (pre Out1_1)</Log>
<Log class="warn" source="parse" line="4656" column="3">Unguarded pre in expression (pre Out1_1)</Log>
<Log class="warn" source="parse" line="4685" column="3">Unguarded pre in expression (pre Out1_1)</Log>
<Log class="note" source="parse">System kind2_times has no property, skipping verification step.</Log>
<Log class="note" source="parse">System _min_real has no property, skipping verification step.</Log>
<Log class="note" source="parse">System _max_real has no property, skipping verification step.</Log>
<Log class="note" source="parse">System Saturation2_1883_000 has no property, skipping verification step.</Log>
<Log class="note" source="parse">System IfActionSubsystem3_1823_000 has no property, skipping verification step.</Log>
<Log class="note" source="parse">System IfActionSubsystem3_1823_000_condExecSS has no property, skipping verification step.</Log>
<Log class="note" source="parse">System IfActionSubsystem2_1810_000 has no property, skipping verification step.</Log>
<Log class="note" source="parse">System IfActionSubsystem2_1810_000_condExecSS has no property, skipping verification step.</Log>
<Log class="note" source="parse">System IfActionSubsystem1_1797_000 has no property, skipping verification step.</Log>
<Log class="note" source="parse">System IfActionSubsystem1_1797_000_condExecSS has no property, skipping verification step.</Log>
<Log class="note" source="parse">System IfActionSubsystem_1786_000 has no property, skipping verification step.</Log>
<Log class="note" source="parse">System IfActionSubsystem_1786_000_condExecSS has no property, skipping verification step.</Log>
<Log class="note" source="parse">System Neuron9_1783_000 has no property, skipping verification step.</Log>
<Log class="note" source="parse">System IfActionSubsystem3_1752_000 has no property, skipping verification step.</Log>
<Log class="note" source="parse">System IfActionSubsystem3_1752_000_condExecSS has no property, skipping verification step.</Log>
<Log class="note" source="parse">System IfActionSubsystem2_1739_000 has no property, skipping verification step.</Log>
<Log class="note" source="parse">System IfActionSubsystem2_1739_000_condExecSS has no property, skipping verification step.</Log>
<Log class="note" source="parse">System IfActionSubsystem1_1726_000 has no property, skipping verification step.</Log>
<Log class="note" source="parse">System IfActionSubsystem1_1726_000_condExecSS has no property, skipping verification step.</Log>
<Log class="note" source="parse">System IfActionSubsystem_1715_000 has no property, skipping verification step.</Log>
<Log class="note" source="parse">System IfActionSubsystem_1715_000_condExecSS has no property, skipping verification step.</Log>
<Log class="note" source="parse">System Neuron8_1712_000 has no property, skipping verification step.</Log>
<Log class="note" source="parse">System IfActionSubsystem3_1681_000 has no property, skipping verification step.</Log>
<Log class="note" source="parse">System IfActionSubsystem3_1681_000_condExecSS has no property, skipping verification step.</Log>
<Log class="note" source="parse">System IfActionSubsystem2_1668_000 has no property, skipping verification step.</Log>
<Log class="note" source="parse">System IfActionSubsystem2_1668_000_condExecSS has no property, skipping verification step.</Log>
<Log class="note" source="parse">System IfActionSubsystem1_1655_000 has no property, skipping verification step.</Log>
<Log class="note" source="parse">System IfActionSubsystem1_1655_000_condExecSS has no property, skipping verification step.</Log>
<Log class="note" source="parse">System IfActionSubsystem_1644_000 has no property, skipping verification step.</Log>
<Log class="note" source="parse">System IfActionSubsystem_1644_000_condExecSS has no property, skipping verification step.</Log>
<Log class="note" source="parse">System Neuron7_1641_000 has no property, skipping verification step.</Log>
<Log class="note" source="parse">System IfActionSubsystem3_1610_000 has no property, skipping verification step.</Log>
<Log class="note" source="parse">System IfActionSubsystem3_1610_000_condExecSS has no property, skipping verification step.</Log>
<Log class="note" source="parse">System IfActionSubsystem2_1597_000 has no property, skipping verification step.</Log>
<Log class="note" source="parse">System IfActionSubsystem2_1597_000_condExecSS has no property, skipping verification step.</Log>
<Log class="note" source="parse">System IfActionSubsystem1_1584_000 has no property, skipping verification step.</Log>
<Log class="note" source="parse">System IfActionSubsystem1_1584_000_condExecSS has no property, skipping verification step.</Log>
<Log class="note" source="parse">System IfActionSubsystem_1573_000 has no property, skipping verification step.</Log>
<Log class="note" source="parse">System IfActionSubsystem_1573_000_condExecSS has no property, skipping verification step.</Log>
<Log class="note" source="parse">System Neuron6_1570_000 has no property, skipping verification step.</Log>
<Log class="note" source="parse">System IfActionSubsystem3_1539_000 has no property, skipping verification step.</Log>
<Log class="note" source="parse">System IfActionSubsystem3_1539_000_condExecSS has no property, skipping verification step.</Log>
<Log class="note" source="parse">System IfActionSubsystem2_1526_000 has no property, skipping verification step.</Log>
<Log class="note" source="parse">System IfActionSubsystem2_1526_000_condExecSS has no property, skipping verification step.</Log>
<Log class="note" source="parse">System IfActionSubsystem1_1513_000 has no property, skipping verification step.</Log>
<Log class="note" source="parse">System IfActionSubsystem1_1513_000_condExecSS has no property, skipping verification step.</Log>
<Log class="note" source="parse">System IfActionSubsystem_1502_000 has no property, skipping verification step.</Log>
<Log class="note" source="parse">System IfActionSubsystem_1502_000_condExecSS has no property, skipping verification step.</Log>
<Log class="note" source="parse">System Neuron5_1499_000 has no property, skipping verification step.</Log>
<Log class="note" source="parse">System IfActionSubsystem3_1468_000 has no property, skipping verification step.</Log>
<Log class="note" source="parse">System IfActionSubsystem3_1468_000_condExecSS has no property, skipping verification step.</Log>
<Log class="note" source="parse">System IfActionSubsystem2_1455_000 has no property, skipping verification step.</Log>
<Log class="note" source="parse">System IfActionSubsystem2_1455_000_condExecSS has no property, skipping verification step.</Log>
<Log class="note" source="parse">System IfActionSubsystem1_1442_000 has no property, skipping verification step.</Log>
<Log class="note" source="parse">System IfActionSubsystem1_1442_000_condExecSS has no property, skipping verification step.</Log>
<Log class="note" source="parse">System IfActionSubsystem_1431_000 has no property, skipping verification step.</Log>
<Log class="note" source="parse">System IfActionSubsystem_1431_000_condExecSS has no property, skipping verification step.</Log>
<Log class="note" source="parse">System Neuron4_1428_000 has no property, skipping verification step.</Log>
<Log class="note" source="parse">System IfActionSubsystem3_1397_000 has no property, skipping verification step.</Log>
<Log class="note" source="parse">System IfActionSubsystem3_1397_000_condExecSS has no property, skipping verification step.</Log>
<Log class="note" source="parse">System IfActionSubsystem2_1384_000 has no property, skipping verification step.</Log>
<Log class="note" source="parse">System IfActionSubsystem2_1384_000_condExecSS has no property, skipping verification step.</Log>
<Log class="note" source="parse">System IfActionSubsystem1_1371_000 has no property, skipping verification step.</Log>
<Log class="note" source="parse">System IfActionSubsystem1_1371_000_condExecSS has no property, skipping verification step.</Log>
<Log class="note" source="parse">System IfActionSubsystem_1360_000 has no property, skipping verification step.</Log>
<Log class="note" source="parse">System IfActionSubsystem_1360_000_condExecSS has no property, skipping verification step.</Log>
<Log class="note" source="parse">System Neuron3_1357_000 has no property, skipping verification step.</Log>
<Log class="note" source="parse">System IfActionSubsystem3_1326_000 has no property, skipping verification step.</Log>
<Log class="note" source="parse">System IfActionSubsystem3_1326_000_condExecSS has no property, skipping verification step.</Log>
<Log class="note" source="parse">System IfActionSubsystem2_1313_000 has no property, skipping verification step.</Log>
<Log class="note" source="parse">System IfActionSubsystem2_1313_000_condExecSS has no property, skipping verification step.</Log>
<Log class="note" source="parse">System IfActionSubsystem1_1300_000 has no property, skipping verification step.</Log>
<Log class="note" source="parse">System IfActionSubsystem1_1300_000_condExecSS has no property, skipping verification step.</Log>
<Log class="note" source="parse">System IfActionSubsystem_1289_000 has no property, skipping verification step.</Log>
<Log class="note" source="parse">System IfActionSubsystem_1289_000_condExecSS has no property, skipping verification step.</Log>
<Log class="note" source="parse">System Neuron2_1286_000 has no property, skipping verification step.</Log>
<Log class="note" source="parse">System IfActionSubsystem3_1255_000 has no property, skipping verification step.</Log>
<Log class="note" source="parse">System IfActionSubsystem3_1255_000_condExecSS has no property, skipping verification step.</Log>
<Log class="note" source="parse">System IfActionSubsystem2_1242_000 has no property, skipping verification step.</Log>
<Log class="note" source="parse">System IfActionSubsystem2_1242_000_condExecSS has no property, skipping verification step.</Log>
<Log class="note" source="parse">System IfActionSubsystem1_1229_000 has no property, skipping verification step.</Log>
<Log class="note" source="parse">System IfActionSubsystem1_1229_000_condExecSS has no property, skipping verification step.</Log>
<Log class="note" source="parse">System IfActionSubsystem_1218_000 has no property, skipping verification step.</Log>
<Log class="note" source="parse">System IfActionSubsystem_1218_000_condExecSS has no property, skipping verification step.</Log>
<Log class="note" source="parse">System Neuron10_1215_000 has no property, skipping verification step.</Log>
<Log class="note" source="parse">System IfActionSubsystem3_1184_000 has no property, skipping verification step.</Log>
<Log class="note" source="parse">System IfActionSubsystem3_1184_000_condExecSS has no property, skipping verification step.</Log>
<Log class="note" source="parse">System IfActionSubsystem2_1171_000 has no property, skipping verification step.</Log>
<Log class="note" source="parse">System IfActionSubsystem2_1171_000_condExecSS has no property, skipping verification step.</Log>
<Log class="note" source="parse">System IfActionSubsystem1_1158_000 has no property, skipping verification step.</Log>
<Log class="note" source="parse">System IfActionSubsystem1_1158_000_condExecSS has no property, skipping verification step.</Log>
<Log class="note" source="parse">System IfActionSubsystem_1147_000 has no property, skipping verification step.</Log>
<Log class="note" source="parse">System IfActionSubsystem_1147_000_condExecSS has no property, skipping verification step.</Log>
<Log class="note" source="parse">System Neuron1_1144_000 has no property, skipping verification step.</Log>
<Log class="note" source="parse">System Neuron_newline_Layer2_1139_000 has no property, skipping verification step.</Log>
<Log class="note" source="parse">System IfActionSubsystem3_1082_000 has no property, skipping verification step.</Log>
<Log class="note" source="parse">System IfActionSubsystem3_1082_000_condExecSS has no property, skipping verification step.</Log>
<Log class="note" source="parse">System IfActionSubsystem2_1069_000 has no property, skipping verification step.</Log>
<Log class="note" source="parse">System IfActionSubsystem2_1069_000_condExecSS has no property, skipping verification step.</Log>
<Log class="note" source="parse">System IfActionSubsystem1_1056_000 has no property, skipping verification step.</Log>
<Log class="note" source="parse">System IfActionSubsystem1_1056_000_condExecSS has no property, skipping verification step.</Log>
<Log class="note" source="parse">System IfActionSubsystem_1045_000 has no property, skipping verification step.</Log>
<Log class="note" source="parse">System IfActionSubsystem_1045_000_condExecSS has no property, skipping verification step.</Log>
<Log class="note" source="parse">System Neuron9_1042_000 has no property, skipping verification step.</Log>
<Log class="note" source="parse">System IfActionSubsystem3_1011_000 has no property, skipping verification step.</Log>
<Log class="note" source="parse">System IfActionSubsystem3_1011_000_condExecSS has no property, skipping verification step.</Log>
<Log class="note" source="parse">System IfActionSubsystem2_998_000 has no property, skipping verification step.</Log>
<Log class="note" source="parse">System IfActionSubsystem2_998_000_condExecSS has no property, skipping verification step.</Log>
<Log class="note" source="parse">System IfActionSubsystem1_985_000 has no property, skipping verification step.</Log>
<Log class="note" source="parse">System IfActionSubsystem1_985_000_condExecSS has no property, skipping verification step.</Log>
<Log class="note" source="parse">System IfActionSubsystem_974_000 has no property, skipping verification step.</Log>
<Log class="note" source="parse">System IfActionSubsystem_974_000_condExecSS has no property, skipping verification step.</Log>
<Log class="note" source="parse">System Neuron8_971_000 has no property, skipping verification step.</Log>
<Log class="note" source="parse">System IfActionSubsystem3_940_000 has no property, skipping verification step.</Log>
<Log class="note" source="parse">System IfActionSubsystem3_940_000_condExecSS has no property, skipping verification step.</Log>
<Log class="note" source="parse">System IfActionSubsystem2_927_000 has no property, skipping verification step.</Log>
<Log class="note" source="parse">System IfActionSubsystem2_927_000_condExecSS has no property, skipping verification step.</Log>
<Log class="note" source="parse">System IfActionSubsystem1_914_000 has no property, skipping verification step.</Log>
<Log class="note" source="parse">System IfActionSubsystem1_914_000_condExecSS has no property, skipping verification step.</Log>
<Log class="note" source="parse">System IfActionSubsystem_903_000 has no property, skipping verification step.</Log>
<Log class="note" source="parse">System IfActionSubsystem_903_000_condExecSS has no property, skipping verification step.</Log>
<Log class="note" source="parse">System Neuron7_900_000 has no property, skipping verification step.</Log>
<Log class="note" source="parse">System IfActionSubsystem3_869_000 has no property, skipping verification step.</Log>
<Log class="note" source="parse">System IfActionSubsystem3_869_000_condExecSS has no property, skipping verification step.</Log>
<Log class="note" source="parse">System IfActionSubsystem2_856_000 has no property, skipping verification step.</Log>
<Log class="note" source="parse">System IfActionSubsystem2_856_000_condExecSS has no property, skipping verification step.</Log>
<Log class="note" source="parse">System IfActionSubsystem1_843_000 has no property, skipping verification step.</Log>
<Log class="note" source="parse">System IfActionSubsystem1_843_000_condExecSS has no property, skipping verification step.</Log>
<Log class="note" source="parse">System IfActionSubsystem_832_000 has no property, skipping verification step.</Log>
<Log class="note" source="parse">System IfActionSubsystem_832_000_condExecSS has no property, skipping verification step.</Log>
<Log class="note" source="parse">System Neuron6_829_000 has no property, skipping verification step.</Log>
<Log class="note" source="parse">System IfActionSubsystem3_798_000 has no property, skipping verification step.</Log>
<Log class="note" source="parse">System IfActionSubsystem3_798_000_condExecSS has no property, skipping verification step.</Log>
<Log class="note" source="parse">System IfActionSubsystem2_785_000 has no property, skipping verification step.</Log>
<Log class="note" source="parse">System IfActionSubsystem2_785_000_condExecSS has no property, skipping verification step.</Log>
<Log class="note" source="parse">System IfActionSubsystem1_772_000 has no property, skipping verification step.</Log>
<Log class="note" source="parse">System IfActionSubsystem1_772_000_condExecSS has no property, skipping verification step.</Log>
<Log class="note" source="parse">System IfActionSubsystem_761_000 has no property, skipping verification step.</Log>
<Log class="note" source="parse">System IfActionSubsystem_761_000_condExecSS has no property, skipping verification step.</Log>
<Log class="note" source="parse">System Neuron5_758_000 has no property, skipping verification step.</Log>
<Log class="note" source="parse">System IfActionSubsystem3_727_000 has no property, skipping verification step.</Log>
<Log class="note" source="parse">System IfActionSubsystem3_727_000_condExecSS has no property, skipping verification step.</Log>
<Log class="note" source="parse">System IfActionSubsystem2_714_000 has no property, skipping verification step.</Log>
<Log class="note" source="parse">System IfActionSubsystem2_714_000_condExecSS has no property, skipping verification step.</Log>
<Log class="note" source="parse">System IfActionSubsystem1_701_000 has no property, skipping verification step.</Log>
<Log class="note" source="parse">System IfActionSubsystem1_701_000_condExecSS has no property, skipping verification step.</Log>
<Log class="note" source="parse">System IfActionSubsystem_690_000 has no property, skipping verification step.</Log>
<Log class="note" source="parse">System IfActionSubsystem_690_000_condExecSS has no property, skipping verification step.</Log>
<Log class="note" source="parse">System Neuron4_687_000 has no property, skipping verification step.</Log>
<Log class="note" source="parse">System IfActionSubsystem3_656_000 has no property, skipping verification step.</Log>
<Log class="note" source="parse">System IfActionSubsystem3_656_000_condExecSS has no property, skipping verification step.</Log>
<Log class="note" source="parse">System IfActionSubsystem2_643_000 has no property, skipping verification step.</Log>
<Log class="note" source="parse">System IfActionSubsystem2_643_000_condExecSS has no property, skipping verification step.</Log>
<Log class="note" source="parse">System IfActionSubsystem1_630_000 has no property, skipping verification step.</Log>
<Log class="note" source="parse">System IfActionSubsystem1_630_000_condExecSS has no property, skipping verification step.</Log>
<Log class="note" source="parse">System IfActionSubsystem_619_000 has no property, skipping verification step.</Log>
<Log class="note" source="parse">System IfActionSubsystem_619_000_condExecSS has no property, skipping verification step.</Log>
<Log class="note" source="parse">System Neuron3_616_000 has no property, skipping verification step.</Log>
<Log class="note" source="parse">System IfActionSubsystem3_585_000 has no property, skipping verification step.</Log>
<Log class="note" source="parse">System IfActionSubsystem3_585_000_condExecSS has no property, skipping verification step.</Log>
<Log class="note" source="parse">System IfActionSubsystem2_572_000 has no property, skipping verification step.</Log>
<Log class="note" source="parse">System IfActionSubsystem2_572_000_condExecSS has no property, skipping verification step.</Log>
<Log class="note" source="parse">System IfActionSubsystem1_559_000 has no property, skipping verification step.</Log>
<Log class="note" source="parse">System IfActionSubsystem1_559_000_condExecSS has no property, skipping verification step.</Log>
<Log class="note" source="parse">System IfActionSubsystem_548_000 has no property, skipping verification step.</Log>
<Log class="note" source="parse">System IfActionSubsystem_548_000_condExecSS has no property, skipping verification step.</Log>
<Log class="note" source="parse">System Neuron2_545_000 has no property, skipping verification step.</Log>
<Log class="note" source="parse">System IfActionSubsystem3_514_000 has no property, skipping verification step.</Log>
<Log class="note" source="parse">System IfActionSubsystem3_514_000_condExecSS has no property, skipping verification step.</Log>
<Log class="note" source="parse">System IfActionSubsystem2_501_000 has no property, skipping verification step.</Log>
<Log class="note" source="parse">System IfActionSubsystem2_501_000_condExecSS has no property, skipping verification step.</Log>
<Log class="note" source="parse">System IfActionSubsystem1_488_000 has no property, skipping verification step.</Log>
<Log class="note" source="parse">System IfActionSubsystem1_488_000_condExecSS has no property, skipping verification step.</Log>
<Log class="note" source="parse">System IfActionSubsystem_477_000 has no property, skipping verification step.</Log>
<Log class="note" source="parse">System IfActionSubsystem_477_000_condExecSS has no property, skipping verification step.</Log>
<Log class="note" source="parse">System Neuron10_474_000 has no property, skipping verification step.</Log>
<Log class="note" source="parse">System IfActionSubsystem3_443_000 has no property, skipping verification step.</Log>
<Log class="note" source="parse">System IfActionSubsystem3_443_000_condExecSS has no property, skipping verification step.</Log>
<Log class="note" source="parse">System IfActionSubsystem2_430_000 has no property, skipping verification step.</Log>
<Log class="note" source="parse">System IfActionSubsystem2_430_000_condExecSS has no property, skipping verification step.</Log>
<Log class="note" source="parse">System IfActionSubsystem1_417_000 has no property, skipping verification step.</Log>
<Log class="note" source="parse">System IfActionSubsystem1_417_000_condExecSS has no property, skipping verification step.</Log>
<Log class="note" source="parse">System IfActionSubsystem_406_000 has no property, skipping verification step.</Log>
<Log class="note" source="parse">System IfActionSubsystem_406_000_condExecSS has no property, skipping verification step.</Log>
<Log class="note" source="parse">System Neuron1_403_000 has no property, skipping verification step.</Log>
<Log class="note" source="parse">System Neuron_newline_Layer1_398_000 has no property, skipping verification step.</Log>
<Log class="note" source="parse">System Gain_395_000 has no property, skipping verification step.</Log>
<Log class="note" source="parse">System int_to_int32 has no property, skipping verification step.</Log>
<Log class="note" source="parse">System delay_call_70_000 has no property, skipping verification step.</Log>
<Log class="note" source="parse">System OTlore_call_23_000 has no property, skipping verification step.</Log>
<Log class="note" source="parse">System OT_call_19_000 has no property, skipping verification step.</Log>
<Log class="note" source="parse">System delay_call_138_000 has no property, skipping verification step.</Log>
<Log class="note" source="parse">System OTlore_call_91_000 has no property, skipping verification step.</Log>
<Log class="note" source="parse">System OT_call1_87_000 has no property, skipping verification step.</Log>
<Log class="note" source="parse">System delay_call_206_000 has no property, skipping verification step.</Log>
<Log class="note" source="parse">System OTlore_call_159_000 has no property, skipping verification step.</Log>
<Log class="note" source="parse">System OT_call11_155_000 has no property, skipping verification step.</Log>
<Log class="note" source="parse">System kind2_divide has no property, skipping verification step.</Log>
<Log class="note" source="parse">System guarantee11_238_000 has no property, skipping verification step.</Log>
<Log class="note" source="parse">System guarantee111_242_000 has no property, skipping verification step.</Log>
<Log class="note" source="parse">System guarantee1111_246_000 has no property, skipping verification step.</Log>
<Log class="note" source="parse">System spec189_operator_254_000 has no property, skipping verification step.</Log>
<Log class="note" source="parse">System xxNNSpec_13_operator_261_000 has no property, skipping verification step.</Log>
<Log class="note" source="parse">System spec225_operator_256_000 has no property, skipping verification step.</Log>
<Log class="note" source="parse">System spec207_operator_255_000 has no property, skipping verification step.</Log>
<Log class="note" source="parse">System guarantee1_234_000 has no property, skipping verification step.</Log>
<Log class="note" source="parse">System guarantee_230_000 has no property, skipping verification step.</Log>
<Log class="note" source="parse">System From_newline_Workspace2_12_000 has no property, skipping verification step.</Log>
<Log class="note" source="parse">System From_newline_Workspace1_11_000 has no property, skipping verification step.</Log>
<Log class="note" source="parse">System From_newline_Workspace_10_000 has no property, skipping verification step.</Log>


<AnalysisStart top="nn_2x10x10x1_392_000" concrete="xxNNSpec_13_operator_261_000,spec225_operator_256_000,spec207_operator_255_000,spec189_operator_254_000,kind2_times,kind2_divide,int_to_int32,guarantee_230_000,guarantee1_234_000,guarantee11_238_000,guarantee111_242_000,guarantee1111_246_000,delay_call_70_000,delay_call_206_000,delay_call_138_000,_min_real,_max_real,Saturation2_1883_000,OTlore_call_91_000,OTlore_call_23_000,OTlore_call_159_000,OT_call_19_000,OT_call1_87_000,OT_call11_155_000,Neuron_newline_Layer2_1139_000,Neuron_newline_Layer1_398_000,Neuron9_1783_000,Neuron9_1042_000,Neuron8_971_000,Neuron8_1712_000,Neuron7_900_000,Neuron7_1641_000,Neuron6_829_000,Neuron6_1570_000,Neuron5_758_000,Neuron5_1499_000,Neuron4_687_000,Neuron4_1428_000,Neuron3_616_000,Neuron3_1357_000,Neuron2_545_000,Neuron2_1286_000,Neuron1_403_000,Neuron1_1144_000,Neuron10_474_000,Neuron10_1215_000,IfActionSubsystem_974_000_condExecSS,IfActionSubsystem_974_000,IfActionSubsystem_903_000_condExecSS,IfActionSubsystem_903_000,IfActionSubsystem_832_000_condExecSS,IfActionSubsystem_832_000,IfActionSubsystem_761_000_condExecSS,IfActionSubsystem_761_000,IfActionSubsystem_690_000_condExecSS,IfActionSubsystem_690_000,IfActionSubsystem_619_000_condExecSS,IfActionSubsystem_619_000,IfActionSubsystem_548_000_condExecSS,IfActionSubsystem_548_000,IfActionSubsystem_477_000_condExecSS,IfActionSubsystem_477_000,IfActionSubsystem_406_000_condExecSS,IfActionSubsystem_406_000,IfActionSubsystem_1786_000_condExecSS,IfActionSubsystem_1786_000,IfActionSubsystem_1715_000_condExecSS,IfActionSubsystem_1715_000,IfActionSubsystem_1644_000_condExecSS,IfActionSubsystem_1644_000,IfActionSubsystem_1573_000_condExecSS,IfActionSubsystem_1573_000,IfActionSubsystem_1502_000_condExecSS,IfActionSubsystem_1502_000,IfActionSubsystem_1431_000_condExecSS,IfActionSubsystem_1431_000,IfActionSubsystem_1360_000_condExecSS,IfActionSubsystem_1360_000,IfActionSubsystem_1289_000_condExecSS,IfActionSubsystem_1289_000,IfActionSubsystem_1218_000_condExecSS,IfActionSubsystem_1218_000,IfActionSubsystem_1147_000_condExecSS,IfActionSubsystem_1147_000,IfActionSubsystem_1045_000_condExecSS,IfActionSubsystem_1045_000,IfActionSubsystem3_940_000_condExecSS,IfActionSubsystem3_940_000,IfActionSubsystem3_869_000_condExecSS,IfActionSubsystem3_869_000,IfActionSubsystem3_798_000_condExecSS,IfActionSubsystem3_798_000,IfActionSubsystem3_727_000_condExecSS,IfActionSubsystem3_727_000,IfActionSubsystem3_656_000_condExecSS,IfActionSubsystem3_656_000,IfActionSubsystem3_585_000_condExecSS,IfActionSubsystem3_585_000,IfActionSubsystem3_514_000_condExecSS,IfActionSubsystem3_514_000,IfActionSubsystem3_443_000_condExecSS,IfActionSubsystem3_443_000,IfActionSubsystem3_1823_000_condExecSS,IfActionSubsystem3_1823_000,IfActionSubsystem3_1752_000_condExecSS,IfActionSubsystem3_1752_000,IfActionSubsystem3_1681_000_condExecSS,IfActionSubsystem3_1681_000,IfActionSubsystem3_1610_000_condExecSS,IfActionSubsystem3_1610_000,IfActionSubsystem3_1539_000_condExecSS,IfActionSubsystem3_1539_000,IfActionSubsystem3_1468_000_condExecSS,IfActionSubsystem3_1468_000,IfActionSubsystem3_1397_000_condExecSS,IfActionSubsystem3_1397_000,IfActionSubsystem3_1326_000_condExecSS,IfActionSubsystem3_1326_000,IfActionSubsystem3_1255_000_condExecSS,IfActionSubsystem3_1255_000,IfActionSubsystem3_1184_000_condExecSS,IfActionSubsystem3_1184_000,IfActionSubsystem3_1082_000_condExecSS,IfActionSubsystem3_1082_000,IfActionSubsystem3_1011_000_condExecSS,IfActionSubsystem3_1011_000,IfActionSubsystem2_998_000_condExecSS,IfActionSubsystem2_998_000,IfActionSubsystem2_927_000_condExecSS,IfActionSubsystem2_927_000,IfActionSubsystem2_856_000_condExecSS,IfActionSubsystem2_856_000,IfActionSubsystem2_785_000_condExecSS,IfActionSubsystem2_785_000,IfActionSubsystem2_714_000_condExecSS,IfActionSubsystem2_714_000,IfActionSubsystem2_643_000_condExecSS,IfActionSubsystem2_643_000,IfActionSubsystem2_572_000_condExecSS,IfActionSubsystem2_572_000,IfActionSubsystem2_501_000_condExecSS,IfActionSubsystem2_501_000,IfActionSubsystem2_430_000_condExecSS,IfActionSubsystem2_430_000,IfActionSubsystem2_1810_000_condExecSS,IfActionSubsystem2_1810_000,IfActionSubsystem2_1739_000_condExecSS,IfActionSubsystem2_1739_000,IfActionSubsystem2_1668_000_condExecSS,IfActionSubsystem2_1668_000,IfActionSubsystem2_1597_000_condExecSS,IfActionSubsystem2_1597_000,IfActionSubsystem2_1526_000_condExecSS,IfActionSubsystem2_1526_000,IfActionSubsystem2_1455_000_condExecSS,IfActionSubsystem2_1455_000,IfActionSubsystem2_1384_000_condExecSS,IfActionSubsystem2_1384_000,IfActionSubsystem2_1313_000_condExecSS,IfActionSubsystem2_1313_000,IfActionSubsystem2_1242_000_condExecSS,IfActionSubsystem2_1242_000,IfActionSubsystem2_1171_000_condExecSS,IfActionSubsystem2_1171_000,IfActionSubsystem2_1069_000_condExecSS,IfActionSubsystem2_1069_000,IfActionSubsystem1_985_000_condExecSS,IfActionSubsystem1_985_000,IfActionSubsystem1_914_000_condExecSS,IfActionSubsystem1_914_000,IfActionSubsystem1_843_000_condExecSS,IfActionSubsystem1_843_000,IfActionSubsystem1_772_000_condExecSS,IfActionSubsystem1_772_000,IfActionSubsystem1_701_000_condExecSS,IfActionSubsystem1_701_000,IfActionSubsystem1_630_000_condExecSS,IfActionSubsystem1_630_000,IfActionSubsystem1_559_000_condExecSS,IfActionSubsystem1_559_000,IfActionSubsystem1_488_000_condExecSS,IfActionSubsystem1_488_000,IfActionSubsystem1_417_000_condExecSS,IfActionSubsystem1_417_000,IfActionSubsystem1_1797_000_condExecSS,IfActionSubsystem1_1797_000,IfActionSubsystem1_1726_000_condExecSS,IfActionSubsystem1_1726_000,IfActionSubsystem1_1655_000_condExecSS,IfActionSubsystem1_1655_000,IfActionSubsystem1_1584_000_condExecSS,IfActionSubsystem1_1584_000,IfActionSubsystem1_1513_000_condExecSS,IfActionSubsystem1_1513_000,IfActionSubsystem1_1442_000_condExecSS,IfActionSubsystem1_1442_000,IfActionSubsystem1_1371_000_condExecSS,IfActionSubsystem1_1371_000,IfActionSubsystem1_1300_000_condExecSS,IfActionSubsystem1_1300_000,IfActionSubsystem1_1229_000_condExecSS,IfActionSubsystem1_1229_000,IfActionSubsystem1_1158_000_condExecSS,IfActionSubsystem1_1158_000,IfActionSubsystem1_1056_000_condExecSS,IfActionSubsystem1_1056_000,Gain_395_000,From_newline_Workspace_10_000,From_newline_Workspace2_12_000,From_newline_Workspace1_11_000" abstract="" assumptions="(From_newline_Workspace_10_000,1)"/>

<Log class="warn" source="parse">In bounded model checking: Yices 2 does not support check-sat-assuming with non-linear models. Disabling check_sat_assume.</Log>
<Log class="warn" source="parse">In inductive step: Yices 2 does not support check-sat-assuming with non-linear models. Disabling check_sat_assume.</Log>
<Log class="warn" source="parse">In 2-induction: Yices 2 does not support check-sat-assuming with non-linear models. Disabling check_sat_assume.</Log>
<Log class="warn" source="parse">Disabling IC3: Yices 2 does not support unsat-cores with non-linear models.</Log>
<Log class="warn" source="parse">In two state invariant generator (bool): Yices 2 does not support check-sat-assuming with non-linear models. Disabling check_sat_assume.</Log>
<Log class="warn" source="parse">In one state invariant generator (bool): Yices 2 does not support check-sat-assuming with non-linear models. Disabling check_sat_assume.</Log>
<Log class="warn" source="parse">In one state invariant generator (int): Yices 2 does not support check-sat-assuming with non-linear models. Disabling check_sat_assume.</Log>
<Log class="warn" source="parse">[graph splitting] Some classes were split during relation stabilization.                   This should not be possible.</Log>
<Log class="warn" source="parse">[graph splitting] Some classes were split during relation stabilization.                   This should not be possible.</Log>
<Log class="warn" source="parse">[graph splitting] Some classes were split during relation stabilization.                   This should not be possible.</Log>
<Log class="warn" source="parse">[graph splitting] Some classes were split during relation stabilization.                   This should not be possible.</Log>
<Log class="warn" source="parse">[graph splitting] Some classes were split during relation stabilization.                   This should not be possible.</Log>
<Log class="warn" source="parse">[graph splitting] Some classes were split during relation stabilization.                   This should not be possible.</Log>
<Log class="warn" source="parse">[graph splitting] Some classes were split during relation stabilization.                   This should not be possible.</Log>
<Log class="warn" source="parse">[graph splitting] Some classes were split during relation stabilization.                   This should not be possible.</Log>
<Log class="warn" source="parse">[graph splitting] Some classes were split during relation stabilization.                   This should not be possible.</Log>
<Log class="warn" source="parse">[graph splitting] Some classes were split during relation stabilization.                   This should not be possible.</Log>
<Log class="warn" source="parse">[graph splitting] Some classes were split during relation stabilization.                   This should not be possible.</Log>
<Log class="warn" source="parse">[graph splitting] Some classes were split during relation stabilization.                   This should not be possible.</Log>
<Log class="warn" source="parse">[graph splitting] Some classes were split during relation stabilization.                   This should not be possible.</Log>
<Log class="warn" source="parse">[graph splitting] Some classes were split during relation stabilization.                   This should not be possible.</Log>
<Log class="warn" source="parse">[graph splitting] Some classes were split during relation stabilization.                   This should not be possible.</Log>
<Log class="warn" source="parse">[graph splitting] Some classes were split during relation stabilization.                   This should not be possible.</Log>
<Log class="warn" source="parse">[graph splitting] Some classes were split during relation stabilization.                   This should not be possible.</Log>
<Log class="warn" source="parse">[graph splitting] Some classes were split during relation stabilization.                   This should not be possible.</Log>
<Log class="warn" source="parse">[graph splitting] Some classes were split during relation stabilization.                   This should not be possible.</Log>
<Log class="warn" source="parse">[graph splitting] Some classes were split during relation stabilization.                   This should not be possible.</Log>
<Log class="warn" source="parse">[graph splitting] Some classes were split during relation stabilization.                   This should not be possible.</Log>
<Log class="warn" source="parse">[graph splitting] Some classes were split during relation stabilization.                   This should not be possible.</Log>
<Log class="warn" source="parse">[graph splitting] Some classes were split during relation stabilization.                   This should not be possible.</Log>
<Log class="warn" source="parse">[graph splitting] Some classes were split during relation stabilization.                   This should not be possible.</Log>
<Log class="warn" source="parse">[graph splitting] Some classes were split during relation stabilization.                   This should not be possible.</Log>
<Log class="warn" source="parse">[graph splitting] Some classes were split during relation stabilization.                   This should not be possible.</Log>
<Log class="warn" source="parse">[graph splitting] Some classes were split during relation stabilization.                   This should not be possible.</Log>
<Log class="warn" source="parse">[graph splitting] Some classes were split during relation stabilization.                   This should not be possible.</Log>
<Log class="warn" source="parse">[graph splitting] Some classes were split during relation stabilization.                   This should not be possible.</Log>
<Log class="warn" source="parse">[graph splitting] Some classes were split during relation stabilization.                   This should not be possible.</Log>
<Log class="warn" source="parse">[graph splitting] Some classes were split during relation stabilization.                   This should not be possible.</Log>
<Log class="warn" source="parse">[graph splitting] Some classes were split during relation stabilization.                   This should not be possible.</Log>
<Log class="warn" source="parse">[graph splitting] Some classes were split during relation stabilization.                   This should not be possible.</Log>
<Log class="warn" source="parse">[graph splitting] Some classes were split during relation stabilization.                   This should not be possible.</Log>
<Property name="nn_12B_NNSpec_4_000[l4843c1].guarantee_230_000[1]" line="4815" column="1" scope="nn_2x10x10x1_392_000"><Answer>unknown</Answer></Property>
<Property name="nn_12B_NNSpec_4_000[l4843c1].guarantee1_234_000[2]" line="4817" column="1" scope="nn_2x10x10x1_392_000"><Answer>unknown</Answer></Property>
<Property name="nn_12B_NNSpec_4_000[l4843c1].guarantee11_238_000[3]" line="4819" column="1" scope="nn_2x10x10x1_392_000"><Answer>unknown</Answer></Property>
<Property name="nn_12B_NNSpec_4_000[l4843c1].guarantee111_242_000[4]" line="4821" column="1" scope="nn_2x10x10x1_392_000"><Answer>unknown</Answer></Property>
<Property name="nn_12B_NNSpec_4_000[l4843c1].guarantee1111_246_000[5]" line="4823" column="1" scope="nn_2x10x10x1_392_000"><Answer>unknown</Answer></Property>
<Log class="fatal" source="parse">Wallclock timeout.</Log>
<AnalysisStop/>



</Results>
