[{"file_path":"/Users/amavrido/Documents/CoCoSpecMaterial/lm_challenges/3_regulators/regs_12B.mdl","date":"13-Mar-2019","Declarations":{"Enumerations":[]}},{"id":"regs_12B/beta_adc_deg","project":"","modeldoc":true,"variable_name":"beta_adc_deg","portType":"Inport","component_name":"regs_12B","tool":"Simulink","dataType":["double"],"dimensions":[1,1],"width":1},{"id":"regs_12B/vtas_adc_kts","project":"","modeldoc":true,"variable_name":"vtas_adc_kts","portType":"Inport","component_name":"regs_12B","tool":"Simulink","dataType":["double"],"dimensions":[1,1],"width":1},{"id":"regs_12B/lcv_cmd_fcs_dps ","project":"","modeldoc":true,"variable_name":"lcv_cmd_fcs_dps ","portType":"Inport","component_name":"regs_12B","tool":"Simulink","dataType":["double"],"dimensions":[1,1],"width":1},{"id":"regs_12B/hdg_des_deg","project":"","modeldoc":true,"variable_name":"hdg_des_deg","portType":"Inport","component_name":"regs_12B","tool":"Simulink","dataType":["double"],"dimensions":[1,1],"width":1},{"id":"regs_12B/mcv_cmd_fcs_dps","project":"","modeldoc":true,"variable_name":"mcv_cmd_fcs_dps","portType":"Inport","component_name":"regs_12B","tool":"Simulink","dataType":["double"],"dimensions":[1,1],"width":1},{"id":"regs_12B/alt_des_ft","project":"","modeldoc":true,"variable_name":"alt_des_ft","portType":"Inport","component_name":"regs_12B","tool":"Simulink","dataType":["double"],"dimensions":[1,1],"width":1},{"id":"regs_12B/ncv_cmd_fcs_dps","project":"","modeldoc":true,"variable_name":"ncv_cmd_fcs_dps","portType":"Inport","component_name":"regs_12B","tool":"Simulink","dataType":["double"],"dimensions":[1,1],"width":1},{"id":"regs_12B/xcv_cmd_fcs_fps","project":"","modeldoc":true,"variable_name":"xcv_cmd_fcs_fps","portType":"Inport","component_name":"regs_12B","tool":"Simulink","dataType":["double"],"dimensions":[1,1],"width":1},{"id":"regs_12B/airspeed_des_fps","project":"","modeldoc":true,"variable_name":"airspeed_des_fps","portType":"Inport","component_name":"regs_12B","tool":"Simulink","dataType":["double"],"dimensions":[1,1],"width":1},{"id":"regs_12B/hcv_cmd_fcs_fps","project":"","modeldoc":true,"variable_name":"hcv_cmd_fcs_fps","portType":"Inport","component_name":"regs_12B","tool":"Simulink","dataType":["double"],"dimensions":[1,1],"width":1},{"id":"regs_12B/lcv_fps_dps","project":"","modeldoc":true,"variable_name":"lcv_fps_dps","portType":"Inport","component_name":"regs_12B","tool":"Simulink","dataType":["double"],"dimensions":[1,1],"width":1},{"id":"regs_12B/mcv_fcs_dps","project":"","modeldoc":true,"variable_name":"mcv_fcs_dps","portType":"Inport","component_name":"regs_12B","tool":"Simulink","dataType":["double"],"dimensions":[1,1],"width":1},{"id":"regs_12B/ncv_fcs_dps","project":"","modeldoc":true,"variable_name":"ncv_fcs_dps","portType":"Inport","component_name":"regs_12B","tool":"Simulink","dataType":["double"],"dimensions":[1,1],"width":1},{"id":"regs_12B/dcv_fcs_fps","project":"","modeldoc":true,"variable_name":"dcv_fcs_fps","portType":"Inport","component_name":"regs_12B","tool":"Simulink","dataType":["double"],"dimensions":[1,1],"width":1},{"id":"regs_12B/zcv_fcs_fps","project":"","modeldoc":true,"variable_name":"zcv_fcs_fps","portType":"Inport","component_name":"regs_12B","tool":"Simulink","dataType":["double"],"dimensions":[1,1],"width":1},{"id":"regs_12B/beta_dot","project":"","modeldoc":true,"variable_name":"beta_dot","portType":"Inport","component_name":"regs_12B","tool":"Simulink","dataType":["double"],"dimensions":[1,1],"width":1},{"id":"regs_12B/Inputs/beta_adc_deg","project":"","modeldoc":true,"variable_name":"beta_adc_deg","portType":"Inport","component_name":"regs_12B/Inputs","tool":"Simulink","dataType":["double"],"dimensions":[1,1],"width":1},{"id":"regs_12B/Inputs/vtas_adc_kts","project":"","modeldoc":true,"variable_name":"vtas_adc_kts","portType":"Inport","component_name":"regs_12B/Inputs","tool":"Simulink","dataType":["double"],"dimensions":[1,1],"width":1},{"id":"regs_12B/Inputs/lcv_cmd_fcs_dps ","project":"","modeldoc":true,"variable_name":"lcv_cmd_fcs_dps ","portType":"Inport","component_name":"regs_12B/Inputs","tool":"Simulink","dataType":["double"],"dimensions":[1,1],"width":1},{"id":"regs_12B/Inputs/hdg_des_deg","project":"","modeldoc":true,"variable_name":"hdg_des_deg","portType":"Inport","component_name":"regs_12B/Inputs","tool":"Simulink","dataType":["double"],"dimensions":[1,1],"width":1},{"id":"regs_12B/Inputs/mcv_cmd_fcs_dps","project":"","modeldoc":true,"variable_name":"mcv_cmd_fcs_dps","portType":"Inport","component_name":"regs_12B/Inputs","tool":"Simulink","dataType":["double"],"dimensions":[1,1],"width":1},{"id":"regs_12B/Inputs/alt_des_ft","project":"","modeldoc":true,"variable_name":"alt_des_ft","portType":"Inport","component_name":"regs_12B/Inputs","tool":"Simulink","dataType":["double"],"dimensions":[1,1],"width":1},{"id":"regs_12B/Inputs/ncv_cmd_fcs_dps","project":"","modeldoc":true,"variable_name":"ncv_cmd_fcs_dps","portType":"Inport","component_name":"regs_12B/Inputs","tool":"Simulink","dataType":["double"],"dimensions":[1,1],"width":1},{"id":"regs_12B/Inputs/xcv_cmd_fcs_fps","project":"","modeldoc":true,"variable_name":"xcv_cmd_fcs_fps","portType":"Inport","component_name":"regs_12B/Inputs","tool":"Simulink","dataType":["double"],"dimensions":[1,1],"width":1},{"id":"regs_12B/Inputs/airspeed_des_fps","project":"","modeldoc":true,"variable_name":"airspeed_des_fps","portType":"Inport","component_name":"regs_12B/Inputs","tool":"Simulink","dataType":["double"],"dimensions":[1,1],"width":1},{"id":"regs_12B/Inputs/hcv_cmd_fcs_fps","project":"","modeldoc":true,"variable_name":"hcv_cmd_fcs_fps","portType":"Inport","component_name":"regs_12B/Inputs","tool":"Simulink","dataType":["double"],"dimensions":[1,1],"width":1},{"id":"regs_12B/Inputs/lcv_fps_dps","project":"","modeldoc":true,"variable_name":"lcv_fps_dps","portType":"Inport","component_name":"regs_12B/Inputs","tool":"Simulink","dataType":["double"],"dimensions":[1,1],"width":1},{"id":"regs_12B/Inputs/mcv_fcs_dps","project":"","modeldoc":true,"variable_name":"mcv_fcs_dps","portType":"Inport","component_name":"regs_12B/Inputs","tool":"Simulink","dataType":["double"],"dimensions":[1,1],"width":1},{"id":"regs_12B/Inputs/ncv_fcs_dps","project":"","modeldoc":true,"variable_name":"ncv_fcs_dps","portType":"Inport","component_name":"regs_12B/Inputs","tool":"Simulink","dataType":["double"],"dimensions":[1,1],"width":1},{"id":"regs_12B/Inputs/dcv_fcs_fps","project":"","modeldoc":true,"variable_name":"dcv_fcs_fps","portType":"Inport","component_name":"regs_12B/Inputs","tool":"Simulink","dataType":["double"],"dimensions":[1,1],"width":1},{"id":"regs_12B/Inputs/zcv_fcs_fps","project":"","modeldoc":true,"variable_name":"zcv_fcs_fps","portType":"Inport","component_name":"regs_12B/Inputs","tool":"Simulink","dataType":["double"],"dimensions":[1,1],"width":1},{"id":"regs_12B/Inputs/betadot","project":"","modeldoc":true,"variable_name":"betadot","portType":"Inport","component_name":"regs_12B/Inputs","tool":"Simulink","dataType":["double"],"dimensions":[1,1],"width":1},{"id":"regs_12B/Inputs/CVcmd/lcv_cmd_fcs_dps ","project":"","modeldoc":true,"variable_name":"lcv_cmd_fcs_dps ","portType":"Inport","component_name":"regs_12B/Inputs/CVcmd","tool":"Simulink","dataType":["double"],"dimensions":[1,1],"width":1},{"id":"regs_12B/Inputs/CVcmd/hdg_des_deg","project":"","modeldoc":true,"variable_name":"hdg_des_deg","portType":"Inport","component_name":"regs_12B/Inputs/CVcmd","tool":"Simulink","dataType":["double"],"dimensions":[1,1],"width":1},{"id":"regs_12B/Inputs/CVcmd/mcv_cmd_fcs_dps","project":"","modeldoc":true,"variable_name":"mcv_cmd_fcs_dps","portType":"Inport","component_name":"regs_12B/Inputs/CVcmd","tool":"Simulink","dataType":["double"],"dimensions":[1,1],"width":1},{"id":"regs_12B/Inputs/CVcmd/alt_des_ft","project":"","modeldoc":true,"variable_name":"alt_des_ft","portType":"Inport","component_name":"regs_12B/Inputs/CVcmd","tool":"Simulink","dataType":["double"],"dimensions":[1,1],"width":1},{"id":"regs_12B/Inputs/CVcmd/ncv_cmd_fcs_dps","project":"","modeldoc":true,"variable_name":"ncv_cmd_fcs_dps","portType":"Inport","component_name":"regs_12B/Inputs/CVcmd","tool":"Simulink","dataType":["double"],"dimensions":[1,1],"width":1},{"id":"regs_12B/Inputs/CVcmd/xcv_cmd_fcs_fps","project":"","modeldoc":true,"variable_name":"xcv_cmd_fcs_fps","portType":"Inport","component_name":"regs_12B/Inputs/CVcmd","tool":"Simulink","dataType":["double"],"dimensions":[1,1],"width":1},{"id":"regs_12B/Inputs/CVcmd/airspeed_des_fps","project":"","modeldoc":true,"variable_name":"airspeed_des_fps","portType":"Inport","component_name":"regs_12B/Inputs/CVcmd","tool":"Simulink","dataType":["double"],"dimensions":[1,1],"width":1},{"id":"regs_12B/Inputs/CVcmd/hcv_cmd_fcs_fps","project":"","modeldoc":true,"variable_name":"hcv_cmd_fcs_fps","portType":"Inport","component_name":"regs_12B/Inputs/CVcmd","tool":"Simulink","dataType":["double"],"dimensions":[1,1],"width":1},{"id":"regs_12B/Inputs/CVcmd/OL_Cmds","project":"","modeldoc":true,"variable_name":"OL_Cmds","portType":"Outport","component_name":"regs_12B/Inputs/CVcmd","tool":"Simulink","dataType":["double"],"dimensions":[-2,8,1,1,1,1,1,1,1,1,1,1,1,1,1,1,1,1],"width":8},{"id":"regs_12B/Inputs/Input/beta_adc_deg","project":"","modeldoc":true,"variable_name":"beta_adc_deg","portType":"Inport","component_name":"regs_12B/Inputs/Input","tool":"Simulink","dataType":["double"],"dimensions":[1,1],"width":1},{"id":"regs_12B/Inputs/Input/vtas_adc_kts","project":"","modeldoc":true,"variable_name":"vtas_adc_kts","portType":"Inport","component_name":"regs_12B/Inputs/Input","tool":"Simulink","dataType":["double"],"dimensions":[1,1],"width":1},{"id":"regs_12B/Inputs/Input/egi_fcs_in/beta_adc_deg","project":"","modeldoc":true,"variable_name":"beta_adc_deg","portType":"Inport","component_name":"regs_12B/Inputs/Input/egi_fcs_in","tool":"Simulink","dataType":["double"],"dimensions":[1,1],"width":1},{"id":"regs_12B/Inputs/Input/egi_fcs_in/vtas_adc_kts","project":"","modeldoc":true,"variable_name":"vtas_adc_kts","portType":"Inport","component_name":"regs_12B/Inputs/Input/egi_fcs_in","tool":"Simulink","dataType":["double"],"dimensions":[1,1],"width":1},{"id":"regs_12B/Inputs/Input/egi_fcs_in/beta_deg","project":"","modeldoc":true,"variable_name":"beta_deg","portType":"Outport","component_name":"regs_12B/Inputs/Input/egi_fcs_in","tool":"Simulink","dataType":["double"],"dimensions":[1,1],"width":1},{"id":"regs_12B/Inputs/Input/egi_fcs_in/vtas_kts","project":"","modeldoc":true,"variable_name":"vtas_kts","portType":"Outport","component_name":"regs_12B/Inputs/Input/egi_fcs_in","tool":"Simulink","dataType":["double"],"dimensions":[1,1],"width":1},{"id":"regs_12B/Inputs/Input/beta","project":"","modeldoc":true,"variable_name":"beta","portType":"Outport","component_name":"regs_12B/Inputs/Input","tool":"Simulink","dataType":["double"],"dimensions":[1,1],"width":1},{"id":"regs_12B/Inputs/Input/vtas","project":"","modeldoc":true,"variable_name":"vtas","portType":"Outport","component_name":"regs_12B/Inputs/Input","tool":"Simulink","dataType":["double"],"dimensions":[1,1],"width":1},{"id":"regs_12B/Inputs/Subsystem/lcv_fps_dps","project":"","modeldoc":true,"variable_name":"lcv_fps_dps","portType":"Inport","component_name":"regs_12B/Inputs/Subsystem","tool":"Simulink","dataType":["double"],"dimensions":[1,1],"width":1},{"id":"regs_12B/Inputs/Subsystem/mcv_fcs_dps","project":"","modeldoc":true,"variable_name":"mcv_fcs_dps","portType":"Inport","component_name":"regs_12B/Inputs/Subsystem","tool":"Simulink","dataType":["double"],"dimensions":[1,1],"width":1},{"id":"regs_12B/Inputs/Subsystem/ncv_fcs_dps","project":"","modeldoc":true,"variable_name":"ncv_fcs_dps","portType":"Inport","component_name":"regs_12B/Inputs/Subsystem","tool":"Simulink","dataType":["double"],"dimensions":[1,1],"width":1},{"id":"regs_12B/Inputs/Subsystem/dcv_fcs_fps","project":"","modeldoc":true,"variable_name":"dcv_fcs_fps","portType":"Inport","component_name":"regs_12B/Inputs/Subsystem","tool":"Simulink","dataType":["double"],"dimensions":[1,1],"width":1},{"id":"regs_12B/Inputs/Subsystem/zcv_fcs_fps","project":"","modeldoc":true,"variable_name":"zcv_fcs_fps","portType":"Inport","component_name":"regs_12B/Inputs/Subsystem","tool":"Simulink","dataType":["double"],"dimensions":[1,1],"width":1},{"id":"regs_12B/Inputs/Subsystem/CV","project":"","modeldoc":true,"variable_name":"CV","portType":"Outport","component_name":"regs_12B/Inputs/Subsystem","tool":"Simulink","dataType":["double"],"dimensions":[-2,5,1,1,1,1,1,1,1,1,1,1],"width":5},{"id":"regs_12B/Inputs/betad/betadot","project":"","modeldoc":true,"variable_name":"betadot","portType":"Inport","component_name":"regs_12B/Inputs/betad","tool":"Simulink","dataType":["double"],"dimensions":[1,1],"width":1},{"id":"regs_12B/Inputs/betad/beta_dot_est","project":"","modeldoc":true,"variable_name":"beta_dot_est","portType":"Outport","component_name":"regs_12B/Inputs/betad","tool":"Simulink","dataType":["double"],"dimensions":[1,1],"width":1},{"id":"regs_12B/Inputs/beta","project":"","modeldoc":true,"variable_name":"beta","portType":"Outport","component_name":"regs_12B/Inputs","tool":"Simulink","dataType":["double"],"dimensions":[1,1],"width":1},{"id":"regs_12B/Inputs/vtas","project":"","modeldoc":true,"variable_name":"vtas","portType":"Outport","component_name":"regs_12B/Inputs","tool":"Simulink","dataType":["double"],"dimensions":[1,1],"width":1},{"id":"regs_12B/Inputs/OL_Cmds","project":"","modeldoc":true,"variable_name":"OL_Cmds","portType":"Outport","component_name":"regs_12B/Inputs","tool":"Simulink","dataType":["double"],"dimensions":[-2,8,1,1,1,1,1,1,1,1,1,1,1,1,1,1,1,1],"width":8},{"id":"regs_12B/Inputs/CV","project":"","modeldoc":true,"variable_name":"CV","portType":"Outport","component_name":"regs_12B/Inputs","tool":"Simulink","dataType":["double"],"dimensions":[-2,5,1,1,1,1,1,1,1,1,1,1],"width":5},{"id":"regs_12B/Inputs/beta_dot_est","project":"","modeldoc":true,"variable_name":"beta_dot_est","portType":"Outport","component_name":"regs_12B/Inputs","tool":"Simulink","dataType":["double"],"dimensions":[1,1],"width":1},{"id":"regs_12B/Regulators/beta_adc_deg","project":"","modeldoc":true,"variable_name":"beta_adc_deg","portType":"Inport","component_name":"regs_12B/Regulators","tool":"Simulink","dataType":["double"],"dimensions":[1,1],"width":1},{"id":"regs_12B/Regulators/vtas_adc_kts","project":"","modeldoc":true,"variable_name":"vtas_adc_kts","portType":"Inport","component_name":"regs_12B/Regulators","tool":"Simulink","dataType":["double"],"dimensions":[1,1],"width":1},{"id":"regs_12B/Regulators/CVcmd","project":"","modeldoc":true,"variable_name":"CVcmd","portType":"Inport","component_name":"regs_12B/Regulators","tool":"Simulink","dataType":["double"],"dimensions":[-2,8,1,1,1,1,1,1,1,1,1,1,1,1,1,1,1,1],"width":8},{"id":"regs_12B/Regulators/CV","project":"","modeldoc":true,"variable_name":"CV","portType":"Inport","component_name":"regs_12B/Regulators","tool":"Simulink","dataType":["double"],"dimensions":[-2,5,1,1,1,1,1,1,1,1,1,1],"width":5},{"id":"regs_12B/Regulators/beta_dot_est","project":"","modeldoc":true,"variable_name":"beta_dot_est","portType":"Inport","component_name":"regs_12B/Regulators","tool":"Simulink","dataType":["double"],"dimensions":[1,1],"width":1},{"id":"regs_12B/Regulators/AirspeedRegulator/CVcmd","project":"","modeldoc":true,"variable_name":"CVcmd","portType":"Inport","component_name":"regs_12B/Regulators/AirspeedRegulator","tool":"Simulink","dataType":["double"],"dimensions":[-2,8,1,1,1,1,1,1,1,1,1,1,1,1,1,1,1,1],"width":8},{"id":"regs_12B/Regulators/AirspeedRegulator/CV","project":"","modeldoc":true,"variable_name":"CV","portType":"Inport","component_name":"regs_12B/Regulators/AirspeedRegulator","tool":"Simulink","dataType":["double"],"dimensions":[-2,5,1,1,1,1,1,1,1,1,1,1],"width":5},{"id":"regs_12B/Regulators/AirspeedRegulator/CVdt_cmd","project":"","modeldoc":true,"variable_name":"CVdt_cmd","portType":"Outport","component_name":"regs_12B/Regulators/AirspeedRegulator","tool":"Simulink","dataType":["double"],"dimensions":[1,1],"width":1},{"id":"regs_12B/Regulators/HeightRegulator/vtas","project":"","modeldoc":true,"variable_name":"vtas","portType":"Inport","component_name":"regs_12B/Regulators/HeightRegulator","tool":"Simulink","dataType":["double"],"dimensions":[1,1],"width":1},{"id":"regs_12B/Regulators/HeightRegulator/CVcmd","project":"","modeldoc":true,"variable_name":"CVcmd","portType":"Inport","component_name":"regs_12B/Regulators/HeightRegulator","tool":"Simulink","dataType":["double"],"dimensions":[-2,8,1,1,1,1,1,1,1,1,1,1,1,1,1,1,1,1],"width":8},{"id":"regs_12B/Regulators/HeightRegulator/CV","project":"","modeldoc":true,"variable_name":"CV","portType":"Inport","component_name":"regs_12B/Regulators/HeightRegulator","tool":"Simulink","dataType":["double"],"dimensions":[-2,5,1,1,1,1,1,1,1,1,1,1],"width":5},{"id":"regs_12B/Regulators/HeightRegulator/Tustin\nIntegrator\n(Limited, Resettable, States)/xin","project":"","modeldoc":true,"variable_name":"xin","portType":"Inport","component_name":"regs_12B/Regulators/HeightRegulator/Tustin\nIntegrator\n(Limited, Resettable, States)","tool":"Simulink","dataType":["double"],"dimensions":[1,1],"width":1},{"id":"regs_12B/Regulators/HeightRegulator/Tustin\nIntegrator\n(Limited, Resettable, States)/T","project":"","modeldoc":true,"variable_name":"T","portType":"Inport","component_name":"regs_12B/Regulators/HeightRegulator/Tustin\nIntegrator\n(Limited, Resettable, States)","tool":"Simulink","dataType":["double"],"dimensions":[1,1],"width":1},{"id":"regs_12B/Regulators/HeightRegulator/Tustin\nIntegrator\n(Limited, Resettable, States)/TL","project":"","modeldoc":true,"variable_name":"TL","portType":"Inport","component_name":"regs_12B/Regulators/HeightRegulator/Tustin\nIntegrator\n(Limited, Resettable, States)","tool":"Simulink","dataType":["double"],"dimensions":[1,1],"width":1},{"id":"regs_12B/Regulators/HeightRegulator/Tustin\nIntegrator\n(Limited, Resettable, States)/BL","project":"","modeldoc":true,"variable_name":"BL","portType":"Inport","component_name":"regs_12B/Regulators/HeightRegulator/Tustin\nIntegrator\n(Limited, Resettable, States)","tool":"Simulink","dataType":["double"],"dimensions":[1,1],"width":1},{"id":"regs_12B/Regulators/HeightRegulator/Tustin\nIntegrator\n(Limited, Resettable, States)/reset","project":"","modeldoc":true,"variable_name":"reset","portType":"Inport","component_name":"regs_12B/Regulators/HeightRegulator/Tustin\nIntegrator\n(Limited, Resettable, States)","tool":"Simulink","dataType":["boolean"],"dimensions":[1,1],"width":1},{"id":"regs_12B/Regulators/HeightRegulator/Tustin\nIntegrator\n(Limited, Resettable, States)/ic","project":"","modeldoc":true,"variable_name":"ic","portType":"Inport","component_name":"regs_12B/Regulators/HeightRegulator/Tustin\nIntegrator\n(Limited, Resettable, States)","tool":"Simulink","dataType":["double"],"dimensions":[1,1],"width":1},{"id":"regs_12B/Regulators/HeightRegulator/Tustin\nIntegrator\n(Limited, Resettable, States)/Saturation\nDynamic/up","project":"","modeldoc":true,"variable_name":"up","portType":"Inport","component_name":"regs_12B/Regulators/HeightRegulator/Tustin\nIntegrator\n(Limited, Resettable, States)/Saturation\nDynamic","tool":"Simulink","dataType":["double"],"dimensions":[1,1],"width":1},{"id":"regs_12B/Regulators/HeightRegulator/Tustin\nIntegrator\n(Limited, Resettable, States)/Saturation\nDynamic/u","project":"","modeldoc":true,"variable_name":"u","portType":"Inport","component_name":"regs_12B/Regulators/HeightRegulator/Tustin\nIntegrator\n(Limited, Resettable, States)/Saturation\nDynamic","tool":"Simulink","dataType":["double"],"dimensions":[1,1],"width":1},{"id":"regs_12B/Regulators/HeightRegulator/Tustin\nIntegrator\n(Limited, Resettable, States)/Saturation\nDynamic/lo","project":"","modeldoc":true,"variable_name":"lo","portType":"Inport","component_name":"regs_12B/Regulators/HeightRegulator/Tustin\nIntegrator\n(Limited, Resettable, States)/Saturation\nDynamic","tool":"Simulink","dataType":["double"],"dimensions":[1,1],"width":1},{"id":"regs_12B/Regulators/HeightRegulator/Tustin\nIntegrator\n(Limited, Resettable, States)/Saturation\nDynamic/y","project":"","modeldoc":true,"variable_name":"y","portType":"Outport","component_name":"regs_12B/Regulators/HeightRegulator/Tustin\nIntegrator\n(Limited, Resettable, States)/Saturation\nDynamic","tool":"Simulink","dataType":["double"],"dimensions":[1,1],"width":1},{"id":"regs_12B/Regulators/HeightRegulator/Tustin\nIntegrator\n(Limited, Resettable, States)/bounds/TL","project":"","modeldoc":true,"variable_name":"TL","portType":"Inport","component_name":"regs_12B/Regulators/HeightRegulator/Tustin\nIntegrator\n(Limited, Resettable, States)/bounds","tool":"Simulink","dataType":["double"],"dimensions":[1,1],"width":1},{"id":"regs_12B/Regulators/HeightRegulator/Tustin\nIntegrator\n(Limited, Resettable, States)/bounds/BL","project":"","modeldoc":true,"variable_name":"BL","portType":"Inport","component_name":"regs_12B/Regulators/HeightRegulator/Tustin\nIntegrator\n(Limited, Resettable, States)/bounds","tool":"Simulink","dataType":["double"],"dimensions":[1,1],"width":1},{"id":"regs_12B/Regulators/HeightRegulator/Tustin\nIntegrator\n(Limited, Resettable, States)/bounds/TLc","project":"","modeldoc":true,"variable_name":"TLc","portType":"Outport","component_name":"regs_12B/Regulators/HeightRegulator/Tustin\nIntegrator\n(Limited, Resettable, States)/bounds","tool":"Simulink","dataType":["double"],"dimensions":[1,1],"width":1},{"id":"regs_12B/Regulators/HeightRegulator/Tustin\nIntegrator\n(Limited, Resettable, States)/bounds/BLc","project":"","modeldoc":true,"variable_name":"BLc","portType":"Outport","component_name":"regs_12B/Regulators/HeightRegulator/Tustin\nIntegrator\n(Limited, Resettable, States)/bounds","tool":"Simulink","dataType":["double"],"dimensions":[1,1],"width":1},{"id":"regs_12B/Regulators/HeightRegulator/Tustin\nIntegrator\n(Limited, Resettable, States)/yout","project":"","modeldoc":true,"variable_name":"yout","portType":"Outport","component_name":"regs_12B/Regulators/HeightRegulator/Tustin\nIntegrator\n(Limited, Resettable, States)","tool":"Simulink","dataType":["double"],"dimensions":[1,1],"width":1},{"id":"regs_12B/Regulators/HeightRegulator/CVdt_cmd","project":"","modeldoc":true,"variable_name":"CVdt_cmd","portType":"Outport","component_name":"regs_12B/Regulators/HeightRegulator","tool":"Simulink","dataType":["double"],"dimensions":[1,1],"width":1},{"id":"regs_12B/Regulators/PitchRegulator/CV_cmd","project":"","modeldoc":true,"variable_name":"CV_cmd","portType":"Inport","component_name":"regs_12B/Regulators/PitchRegulator","tool":"Simulink","dataType":["double"],"dimensions":[-2,8,1,1,1,1,1,1,1,1,1,1,1,1,1,1,1,1],"width":8},{"id":"regs_12B/Regulators/PitchRegulator/CV","project":"","modeldoc":true,"variable_name":"CV","portType":"Inport","component_name":"regs_12B/Regulators/PitchRegulator","tool":"Simulink","dataType":["double"],"dimensions":[-2,5,1,1,1,1,1,1,1,1,1,1],"width":5},{"id":"regs_12B/Regulators/PitchRegulator/vtas","project":"","modeldoc":true,"variable_name":"vtas","portType":"Inport","component_name":"regs_12B/Regulators/PitchRegulator","tool":"Simulink","dataType":["double"],"dimensions":[1,1],"width":1},{"id":"regs_12B/Regulators/PitchRegulator/Tustin\nIntegrator\n(Limited, Resettable, States)/xin","project":"","modeldoc":true,"variable_name":"xin","portType":"Inport","component_name":"regs_12B/Regulators/PitchRegulator/Tustin\nIntegrator\n(Limited, Resettable, States)","tool":"Simulink","dataType":["double"],"dimensions":[1,1],"width":1},{"id":"regs_12B/Regulators/PitchRegulator/Tustin\nIntegrator\n(Limited, Resettable, States)/T","project":"","modeldoc":true,"variable_name":"T","portType":"Inport","component_name":"regs_12B/Regulators/PitchRegulator/Tustin\nIntegrator\n(Limited, Resettable, States)","tool":"Simulink","dataType":["double"],"dimensions":[1,1],"width":1},{"id":"regs_12B/Regulators/PitchRegulator/Tustin\nIntegrator\n(Limited, Resettable, States)/TL","project":"","modeldoc":true,"variable_name":"TL","portType":"Inport","component_name":"regs_12B/Regulators/PitchRegulator/Tustin\nIntegrator\n(Limited, Resettable, States)","tool":"Simulink","dataType":["double"],"dimensions":[1,1],"width":1},{"id":"regs_12B/Regulators/PitchRegulator/Tustin\nIntegrator\n(Limited, Resettable, States)/BL","project":"","modeldoc":true,"variable_name":"BL","portType":"Inport","component_name":"regs_12B/Regulators/PitchRegulator/Tustin\nIntegrator\n(Limited, Resettable, States)","tool":"Simulink","dataType":["double"],"dimensions":[1,1],"width":1},{"id":"regs_12B/Regulators/PitchRegulator/Tustin\nIntegrator\n(Limited, Resettable, States)/reset","project":"","modeldoc":true,"variable_name":"reset","portType":"Inport","component_name":"regs_12B/Regulators/PitchRegulator/Tustin\nIntegrator\n(Limited, Resettable, States)","tool":"Simulink","dataType":["boolean"],"dimensions":[1,1],"width":1},{"id":"regs_12B/Regulators/PitchRegulator/Tustin\nIntegrator\n(Limited, Resettable, States)/ic","project":"","modeldoc":true,"variable_name":"ic","portType":"Inport","component_name":"regs_12B/Regulators/PitchRegulator/Tustin\nIntegrator\n(Limited, Resettable, States)","tool":"Simulink","dataType":["double"],"dimensions":[1,1],"width":1},{"id":"regs_12B/Regulators/PitchRegulator/Tustin\nIntegrator\n(Limited, Resettable, States)/Saturation\nDynamic/up","project":"","modeldoc":true,"variable_name":"up","portType":"Inport","component_name":"regs_12B/Regulators/PitchRegulator/Tustin\nIntegrator\n(Limited, Resettable, States)/Saturation\nDynamic","tool":"Simulink","dataType":["double"],"dimensions":[1,1],"width":1},{"id":"regs_12B/Regulators/PitchRegulator/Tustin\nIntegrator\n(Limited, Resettable, States)/Saturation\nDynamic/u","project":"","modeldoc":true,"variable_name":"u","portType":"Inport","component_name":"regs_12B/Regulators/PitchRegulator/Tustin\nIntegrator\n(Limited, Resettable, States)/Saturation\nDynamic","tool":"Simulink","dataType":["double"],"dimensions":[1,1],"width":1},{"id":"regs_12B/Regulators/PitchRegulator/Tustin\nIntegrator\n(Limited, Resettable, States)/Saturation\nDynamic/lo","project":"","modeldoc":true,"variable_name":"lo","portType":"Inport","component_name":"regs_12B/Regulators/PitchRegulator/Tustin\nIntegrator\n(Limited, Resettable, States)/Saturation\nDynamic","tool":"Simulink","dataType":["double"],"dimensions":[1,1],"width":1},{"id":"regs_12B/Regulators/PitchRegulator/Tustin\nIntegrator\n(Limited, Resettable, States)/Saturation\nDynamic/y","project":"","modeldoc":true,"variable_name":"y","portType":"Outport","component_name":"regs_12B/Regulators/PitchRegulator/Tustin\nIntegrator\n(Limited, Resettable, States)/Saturation\nDynamic","tool":"Simulink","dataType":["double"],"dimensions":[1,1],"width":1},{"id":"regs_12B/Regulators/PitchRegulator/Tustin\nIntegrator\n(Limited, Resettable, States)/bounds/TL","project":"","modeldoc":true,"variable_name":"TL","portType":"Inport","component_name":"regs_12B/Regulators/PitchRegulator/Tustin\nIntegrator\n(Limited, Resettable, States)/bounds","tool":"Simulink","dataType":["double"],"dimensions":[1,1],"width":1},{"id":"regs_12B/Regulators/PitchRegulator/Tustin\nIntegrator\n(Limited, Resettable, States)/bounds/BL","project":"","modeldoc":true,"variable_name":"BL","portType":"Inport","component_name":"regs_12B/Regulators/PitchRegulator/Tustin\nIntegrator\n(Limited, Resettable, States)/bounds","tool":"Simulink","dataType":["double"],"dimensions":[1,1],"width":1},{"id":"regs_12B/Regulators/PitchRegulator/Tustin\nIntegrator\n(Limited, Resettable, States)/bounds/TLc","project":"","modeldoc":true,"variable_name":"TLc","portType":"Outport","component_name":"regs_12B/Regulators/PitchRegulator/Tustin\nIntegrator\n(Limited, Resettable, States)/bounds","tool":"Simulink","dataType":["double"],"dimensions":[1,1],"width":1},{"id":"regs_12B/Regulators/PitchRegulator/Tustin\nIntegrator\n(Limited, Resettable, States)/bounds/BLc","project":"","modeldoc":true,"variable_name":"BLc","portType":"Outport","component_name":"regs_12B/Regulators/PitchRegulator/Tustin\nIntegrator\n(Limited, Resettable, States)/bounds","tool":"Simulink","dataType":["double"],"dimensions":[1,1],"width":1},{"id":"regs_12B/Regulators/PitchRegulator/Tustin\nIntegrator\n(Limited, Resettable, States)/yout","project":"","modeldoc":true,"variable_name":"yout","portType":"Outport","component_name":"regs_12B/Regulators/PitchRegulator/Tustin\nIntegrator\n(Limited, Resettable, States)","tool":"Simulink","dataType":["double"],"dimensions":[1,1],"width":1},{"id":"regs_12B/Regulators/PitchRegulator/CVdt_cmd","project":"","modeldoc":true,"variable_name":"CVdt_cmd","portType":"Outport","component_name":"regs_12B/Regulators/PitchRegulator","tool":"Simulink","dataType":["double"],"dimensions":[1,1],"width":1},{"id":"regs_12B/Regulators/RollRegulator/CVcmd","project":"","modeldoc":true,"variable_name":"CVcmd","portType":"Inport","component_name":"regs_12B/Regulators/RollRegulator","tool":"Simulink","dataType":["double"],"dimensions":[-2,8,1,1,1,1,1,1,1,1,1,1,1,1,1,1,1,1],"width":8},{"id":"regs_12B/Regulators/RollRegulator/CV","project":"","modeldoc":true,"variable_name":"CV","portType":"Inport","component_name":"regs_12B/Regulators/RollRegulator","tool":"Simulink","dataType":["double"],"dimensions":[-2,5,1,1,1,1,1,1,1,1,1,1],"width":5},{"id":"regs_12B/Regulators/RollRegulator/Reg","project":"","modeldoc":true,"variable_name":"Reg","portType":"Outport","component_name":"regs_12B/Regulators/RollRegulator","tool":"Simulink","dataType":["double"],"dimensions":[1,1],"width":1},{"id":"regs_12B/Regulators/RollRegulator/one_over_Tau_roll","project":"","modeldoc":true,"variable_name":"one_over_Tau_roll","portType":"Outport","component_name":"regs_12B/Regulators/RollRegulator","tool":"Simulink","dataType":["double"],"dimensions":[1,1],"width":1},{"id":"regs_12B/Regulators/YawRegulator/beta","project":"","modeldoc":true,"variable_name":"beta","portType":"Inport","component_name":"regs_12B/Regulators/YawRegulator","tool":"Simulink","dataType":["double"],"dimensions":[1,1],"width":1},{"id":"regs_12B/Regulators/YawRegulator/CVcmd","project":"","modeldoc":true,"variable_name":"CVcmd","portType":"Inport","component_name":"regs_12B/Regulators/YawRegulator","tool":"Simulink","dataType":["double"],"dimensions":[-2,8,1,1,1,1,1,1,1,1,1,1,1,1,1,1,1,1],"width":8},{"id":"regs_12B/Regulators/YawRegulator/CV","project":"","modeldoc":true,"variable_name":"CV","portType":"Inport","component_name":"regs_12B/Regulators/YawRegulator","tool":"Simulink","dataType":["double"],"dimensions":[-2,5,1,1,1,1,1,1,1,1,1,1],"width":5},{"id":"regs_12B/Regulators/YawRegulator/one_over_Tau_roll","project":"","modeldoc":true,"variable_name":"one_over_Tau_roll","portType":"Inport","component_name":"regs_12B/Regulators/YawRegulator","tool":"Simulink","dataType":["double"],"dimensions":[1,1],"width":1},{"id":"regs_12B/Regulators/YawRegulator/beta_dot_est","project":"","modeldoc":true,"variable_name":"beta_dot_est","portType":"Inport","component_name":"regs_12B/Regulators/YawRegulator","tool":"Simulink","dataType":["double"],"dimensions":[1,1],"width":1},{"id":"regs_12B/Regulators/YawRegulator/vtas","project":"","modeldoc":true,"variable_name":"vtas","portType":"Inport","component_name":"regs_12B/Regulators/YawRegulator","tool":"Simulink","dataType":["double"],"dimensions":[1,1],"width":1},{"id":"regs_12B/Regulators/YawRegulator/CVdt_cmd","project":"","modeldoc":true,"variable_name":"CVdt_cmd","portType":"Outport","component_name":"regs_12B/Regulators/YawRegulator","tool":"Simulink","dataType":["double"],"dimensions":[1,1],"width":1},{"id":"regs_12B/Regulators/lcvdt_cmd_fcs_dps2","project":"","modeldoc":true,"variable_name":"lcvdt_cmd_fcs_dps2","portType":"Outport","component_name":"regs_12B/Regulators","tool":"Simulink","dataType":["double"],"dimensions":[1,1],"width":1},{"id":"regs_12B/Regulators/mcvdt_cmd_fcs_dps2","project":"","modeldoc":true,"variable_name":"mcvdt_cmd_fcs_dps2","portType":"Outport","component_name":"regs_12B/Regulators","tool":"Simulink","dataType":["double"],"dimensions":[1,1],"width":1},{"id":"regs_12B/Regulators/ncvdt_cmd_fcs_dps2","project":"","modeldoc":true,"variable_name":"ncvdt_cmd_fcs_dps2","portType":"Outport","component_name":"regs_12B/Regulators","tool":"Simulink","dataType":["double"],"dimensions":[1,1],"width":1},{"id":"regs_12B/Regulators/xcvdt_cmd_fcs_fps2","project":"","modeldoc":true,"variable_name":"xcvdt_cmd_fcs_fps2","portType":"Outport","component_name":"regs_12B/Regulators","tool":"Simulink","dataType":["double"],"dimensions":[1,1],"width":1},{"id":"regs_12B/Regulators/hcvdt_cmd_fcs_fps2","project":"","modeldoc":true,"variable_name":"hcvdt_cmd_fcs_fps2","portType":"Outport","component_name":"regs_12B/Regulators","tool":"Simulink","dataType":["double"],"dimensions":[1,1],"width":1},{"id":"regs_12B/lcvdt_cmd_fcs_dps2","project":"","modeldoc":true,"variable_name":"lcvdt_cmd_fcs_dps2","portType":"Outport","component_name":"regs_12B","tool":"Simulink","dataType":["double"],"dimensions":[1,1],"width":1},{"id":"regs_12B/mcvdt_cmd_fcs_dps2","project":"","modeldoc":true,"variable_name":"mcvdt_cmd_fcs_dps2","portType":"Outport","component_name":"regs_12B","tool":"Simulink","dataType":["double"],"dimensions":[1,1],"width":1},{"id":"regs_12B/ncvdt_cmd_fcs_dps2","project":"","modeldoc":true,"variable_name":"ncvdt_cmd_fcs_dps2","portType":"Outport","component_name":"regs_12B","tool":"Simulink","dataType":["double"],"dimensions":[1,1],"width":1},{"id":"regs_12B/xcvdt_cmd_fcs_fps2","project":"","modeldoc":true,"variable_name":"xcvdt_cmd_fcs_fps2","portType":"Outport","component_name":"regs_12B","tool":"Simulink","dataType":["double"],"dimensions":[1,1],"width":1},{"id":"regs_12B/hcvdt_cmd_fcs_fps2","project":"","modeldoc":true,"variable_name":"hcvdt_cmd_fcs_fps2","portType":"Outport","component_name":"regs_12B","tool":"Simulink","dataType":["double"],"dimensions":[1,1],"width":1}]
